:020000040800F2
:1000000000000824BD080008F4080008F4080008EF
:10001000F4080008F4080008F408000800000000D4
:1000200000000000000000000000000071AB0008AC
:10003000F408000800000000C1AD000829AE000867
:1000400053B94AB9002908BF00281CBF4FF0FF313F
:100050004FF0FF3000F00CB8ADF1080C6DE904CEA4
:100060000BF01AF9DDF804E0DDE9022304B0704773
:10007000704700BF0000000000000000000000000A
:1000800001F0FF01102A2BDB10F0070F08D010F849
:10009000013B013A8B422DD010F0070F42B3F6D14D
:1000A000F0B441EA012141EA014122F007047FF066
:1000B00000070023F0E80256083C85EA010586EABD
:1000C000010685FA47F5A3FA87F586FA47F6A5FAF9
:1000D00087F68EB9EED1F0BC01F0FF0102F0070205
:1000E00032B110F8013B013A83EA010313B1F8D1B0
:1000F0000020704701387047002D06BF3546033891
:10010000073815F0010F07D1013015F4807F02BFC9
:10011000013015F4C03F0130F0BC0138704700BF1A
:100120000348044B834202D0034B03B11847704786
:100130007000002470000024000000000548064BF9
:100140001B1AD90F01EBA301491002D0034B03B1D5
:100150001847704770000024700000240000000061
:1001600010B5064C237843B9FFF7DAFF044B13B1FF
:100170000448AFF300800123237010BD70000024F9
:1001800000000000F0BF000808B5054B1BB1054991
:100190000548AFF30080BDE80840FFF7CFBF00BFC0
:1001A0000000000074000024F0BF0008002310B518
:1001B0000446C0E90033C0E90433836081814366AB
:1001C000C2818361194608225C3000F0F7F80D4BBC
:1001D00063620D4BA3620D4BE3620D4B23630D4B2A
:1001E00024629C4206D003F16802944202D0D033CC
:1001F0009C4205D104F15800BDE8104000F050B910
:1002000010BD00BF35030008570300088F03000826
:10021000B50300088C000024024A0349034800F09B
:100220006BB800BF000000249D07000810000024E8
:1002300041680C4B994210B5044601D000F0AEFA6B
:10024000A168094B994202D0204600F0A7FAE16864
:10025000064B994204D02046BDE8104000F09EBAFB
:1002600010BD00BF8C000024F40000245C010024B9
:100270000C4B0D4A0D4810B504211A600022FFF7FF
:1002800095FF0A4B01221C46092103F16800FFF784
:100290008DFF04F1D0000222BDE810401221FFF7CB
:1002A00085BF00BFC4010024190200088C0000248F
:1002B000014800F0F6B800BFCD010024014800F06D
:1002C000F1B800BFCD01002410B50446FFF7F0FFE0
:1002D000236A1BB1BDE81040FFF7F0BF044B236257
:1002E000044B1B68002BF5D1FFF7C2FFF2E700BFFC
:1002F00031020008C40100242DE9F843074688466E
:1003000014460026D4E90195B9F1010905D5246800
:10031000002CF7D13046BDE8F883AB89012B07D913
:10032000B5F90E30013303D029463846C04706439D
:100330006835E9E710B50C46B1F90E1000F068F821
:100340000028ABBF636DA3891B1823F48053ACBF97
:100350006365A38110BD2DE9F0411F468B89DB0544
:1003600005460C46164605D5B1F90E1002230022AB
:1003700000F03CF8A389B4F90E1023F48053A38154
:1003800032463B462846BDE8F04100F053B810B570
:100390000C46B1F90E1000F029F8B4F90C30421CEB
:1003A0000BBF23F4805343F48053A381A38118BF70
:1003B000606510BDB1F90E1000F008B802440346A4
:1003C000934200D1704703F8011BF9E738B5064D99
:1003D0000023044608462B6000F032FE431C02D185
:1003E0002B6803B1236038BDC801002438B5074D20
:1003F00004460846114600222A601A4600F037FEDD
:10040000431C02D12B6803B1236038BDC80100240E
:1004100038B5074D04460846114600222A601A46A0
:1004200000F036FE431C02D12B6803B1236038BDB7
:10043000C801002438B5074D04460846114600227D
:100440002A601A4600F0D0FD431C02D12B6803B18C
:10045000236038BDC801002470B50D4B0D4D5B1BEA
:100460009C100026A64209D10BF0C2FD0A4D0B4B91
:100470005B1B9C100026A64205D170BD55F8043BBD
:1004800098470136EEE755F8043B98470136F2E706
:1004900020C1000820C1000820C1000824C10008B4
:1004A000704770477047000038B50546002941D0B5
:1004B00051F8043C0C1F002BB8BFE41800F0E0F822
:1004C0001D4A136833B9636014602846BDE838409C
:1004D00000F0DCB8A34208D9206821188B4201BF84
:1004E00019685B6809182160EDE71A465B680BB173
:1004F000A342FAD911685018A0420BD120680144D8
:10050000501883421160E0D118685B68536008445A
:100510001060DAE702D90C232B60D6E72068211897
:100520008B4204BF19685B68636004BF09182160CF
:100530005460CAE738BD00BFD401002470B50F4E27
:100540000C463168054611B900F050F9306021467B
:10055000284600F04BF9431C03D14FF0FF342046EE
:1005600070BDC41C24F00304A042F8D0211A284610
:1005700000F03CF90130F2D1EFE700BFD0010024D8
:100580002DE9F843CD1C25F0030508350C2D38BFA7
:100590000C25002D064601DBA94204D90C2333604B
:1005A0000020BDE8F883DFF8D48000F069F8D8F8BF
:1005B00000301C4644BB29463046FFF7BFFF431CB2
:1005C000044658D1D8F800402746002F43D1002CCC
:1005D0004BD023683946304604EB030900F006F996
:1005E000814542D121686D1A29463046FFF7A6FFA2
:1005F00001303AD023682B442360D8F800305A6881
:1006000062BBC8F800700FE02268521B20D40B2A8E
:1006100017D96119A342256018BF5960636808BFE4
:10062000C8F8001062514B60304600F02FF804F11A
:100630000B00231D20F00700C21A1CBF1B1AA35079
:10064000AFE76268A3420CBFC8F800205A60EBE72E
:1006500023466468AEE73C467F68B6E71A465B68A7
:10066000A342FBD100235360DEE70C233360304606
:1006700000F00CF894E70560D6E700BFD401002431
:100680000148FFF70EBF00BFCC0100240148FFF76F
:1006900009BF00BFCC010024B1F90C202DE9F041C5
:1006A000160705460C4651D44B68002B02DC0B6C38
:1006B000002B49DDE66A002E46D0002312F480525A
:1006C0002F682B6031D0626DA389590705D5636807
:1006D000D21A636B0BB1236CD21A0023E66A216A2B
:1006E0002846B047421CB4F90C3006D129681D29B0
:1006F00046D8294ACA40D60742D500226260D904AA
:100700002269226004D5421C01D12B6803B96065BF
:10071000616B2F60C1B104F14403994202D02846B5
:10072000FFF7C2FE002363630EE0216A012328461F
:10073000B0470246501CC7D12B68002BC4D01D2BDC
:1007400001D0162B1AD12F6000201EE00F69002F58
:10075000FAD093070E6808BF4B690F6018BF0023DB
:10076000A6EB07088B60B8F1000FEDDD216AA66AE1
:1007700043463A462846B047002808DCB4F90C3016
:1007800043F04003A3814FF0FF30BDE8F081074400
:10079000A8EB0008E7E700BF0100402038B50B696F
:1007A00005460C4613B90025284638BD18B1036A22
:1007B0000BB9FFF789FDB4F90C30002BF3D0626E52
:1007C000D00704D4990502D4A06DFFF76AFE28462D
:1007D0002146FFF761FF636EDA070546E4D4A3897B
:1007E0009B05E1D4A06DFFF75DFEDDE738B5064D52
:1007F0000023044608462B600BF0ECFB431C02D19F
:100800002B6803B1236038BDC801002480B582B0D5
:1008100002AF00F0E7FE00F0EFFA00F055FD00F047
:10082000BFFC00F0B3FD00F0DBFD00F0C5FC00F004
:1008300079FD00F041FD0023019302230093002382
:100840004FF480721549164808F03FFA00230193CF
:100850000123009300234FF400721249124808F05C
:1008600034FA002301930123009300234FF4007214
:100870000E490F4808F029FA002301930123009341
:1008800000234FF400620B490B4808F01EFA08F0F1
:1008900045FC00231846BD4680BD00BF08C00008C7
:1008A0001911000810C00008A514000814C00008A1
:1008B0008915000818C00008351500080E4885463F
:1008C0000E480F490F4A002302E0D458C4500433A5
:1008D000C4188C42F9D30C4A0C4C002301E013607D
:1008E0000432A242FBD308F0E5F8FFF7B5FDFFF7AD
:1008F0008DFFFEE7FFF7FEBF000008240000002484
:100900007000002428C10008700000242C930024EB
:1009100080B483B000AF0A4BD3F8F430084A43F0F8
:100920000203C2F8F430064BD3F8F43003F00203AC
:100930007B607B6800BF0C37BD465DF8047B704769
:100940000044025880B5BAB000AF786007F1D40314
:1009500000221A605A609A60DA601A6107F1100387
:10096000C02200211846FFF729FD7B681B682B4A2F
:1009700093424ED12A4BD3F8F030294A43F010036A
:10098000C2F8F030264BD3F8F03003F01003FB60D0
:10099000FB68234BD3F8E030214A43F00103C2F84F
:1009A000E0301F4BD3F8E03003F00103BB60BB68BD
:1009B0004FF001024FF00003C7E904230023C7F8FA
:1009C0008C3007F11003184601F08CFF0346002B12
:1009D00001D000F0D7FA4FF4C063C7F8D430022337
:1009E000C7F8D8300123C7F8DC300223C7F8E0305D
:1009F0000723C7F8E43007F1D4031946094804F087
:100A00006FFC00220521252000F051FF252000F079
:100A100068FF00BFE837BD4680BD00BF0010014041
:100A2000004402580000025880B5BCB000AF7860A6
:100A300007F1DC0300221A605A609A60DA601A61DA
:100A400007F11803C02200211846FFF7B7FC7B68A6
:100A50001B68394A93426AD14FF480524FF0000329
:100A6000C7E906230023BB6707F11803184601F006
:100A700039FF0346002B01D000F084FA2F4BD3F846
:100A8000F0302E4A43F48053C2F8F0302B4BD3F8A9
:100A9000F03003F480537B617B69284BD3F8E0305E
:100AA000264A43F00103C2F8E030244BD3F8E0308B
:100AB00003F001033B613B69204BD3F8E0301F4A50
:100AC00043F00203C2F8E0301C4BD3F8E03003F0EF
:100AD0000203FB60FB68E023C7F8DC300223C7F8A1
:100AE000E0300023C7F8E4300223C7F8E8300523DC
:100AF000C7F8EC3007F1DC031946114804F0F0FBAD
:100B00001023C7F8DC300123C7F8E0300123C7F811
:100B1000E4300223C7F8E83007F1DC03194609483E
:100B200004F0DEFB01221021064804F089FD00BF1D
:100B3000F037BD4680BD00BF003001400044025880
:100B4000000002580004025880B5BCB000AF7860C5
:100B500007F1DC0300221A605A609A60DA601A61B9
:100B600007F11803C02200211846FFF727FC7B6815
:100B70001B68384A934269D14FF480524FF000030A
:100B8000C7E906230023BB6707F11803184601F0E5
:100B9000A9FE0346002B01D000F0F4F92E4BD3F848
:100BA000E8302D4A43F48043C2F8E8302A4BD3F8AA
:100BB000E83003F480437B617B69274BD3F8E03056
:100BC000254A43F00203C2F8E030234BD3F8E0306B
:100BD00003F002033B613B691F4BD3F8E0301E4A30
:100BE00043F00403C2F8E0301B4BD3F8E03003F0CD
:100BF0000403FB60FB684FF47043C7F8DC3002234A
:100C0000C7F8E0300023C7F8E4300223C7F8E83023
:100C10000523C7F8EC3007F1DC0319460F4804F050
:100C20005FFB4023C7F8DC300223C7F8E030002325
:100C3000C7F8E4300223C7F8E8300523C7F8EC30E2
:100C400007F1DC031946064804F04AFB00BFF03701
:100C5000BD4680BD003800400044025800040258E0
:100C60000008025880B5BAB000AF786007F1D4032D
:100C700000221A605A609A60DA601A6107F1100364
:100C8000C02200211846FFF799FB7B681B68274AA2
:100C9000934246D14FF008024FF00003C7E9042306
:100CA0000023C7F8943007F11003184601F01AFE2C
:100CB0000346002B01D000F065F91D4BD3F8E83056
:100CC0001B4A43F40013C2F8E830194BD3F8E8305C
:100CD00003F40013FB60FB68154BD3F8E030144AB3
:100CE00043F00203C2F8E030114BD3F8E03003F0D8
:100CF0000203BB60BB684FF44073C7F8D4301223C3
:100D0000C7F8D8300023C7F8DC300023C7F8E0303C
:100D10000423C7F8E43007F1D4031946054804F06A
:100D2000DFFA00BFE837BD4680BD00BF0054004079
:100D3000004402580004025880B5BAB000AF786091
:100D400007F1D40300221A605A609A60DA601A61CF
:100D500007F11003C02200211846FFF72FFB7B6824
:100D60001B68224A93423DD14FF400224FF000030A
:100D7000C7E904234FF40033C7F8B43007F1100378
:100D8000184601F0AFFD0346002B01D000F0FAF841
:100D9000174BD3F8D830164A43F02003C2F8D830A6
:100DA000134BD3F8D83003F02003FB60FB68104BE3
:100DB000D3F8E0300E4A43F00103C2F8E0300C4BA8
:100DC000D3F8E03003F00103BB60BB680123C7F830
:100DD000D4300323C7F8D83007F1D40319460548A7
:100DE00004F07EFA00BFE837BD4680BD0020024017
:100DF000004402580000025880B5CEB000AF07F1A1
:100E0000EC034C2200211846FFF7D8FA07F1CC0377
:100E1000202200211846FFF7D1FA022004F044FCFA
:100E200007F59C73A3F59A7300221A60534BDB6A93
:100E3000524A23F00103D362504BDB6A03F00102F4
:100E400007F59C73A3F59A731A604D4B9B694C4A46
:100E500043F4404393614A4B9B6903F4404207F5D6
:100E60009C73A3F59A731A6007F59C73A3F59A73A4
:100E70001B6800BF424B9B6903F40053B3F5005F4E
:100E8000F8D10123C7F8EC304FF48033C7F8F030C5
:100E90000223C7F810310223C7F814310523C7F81D
:100EA0001831A023C7F81C310223C7F820310223D0
:100EB000C7F824310223C7F828310823C7F82C319A
:100EC0000023C7F830310023C7F8343107F1EC03B1
:100ED000184600F021FD0346002B01D000F052F827
:100EE00007F59C73A3F598731846C0231A46002192
:100EF000FFF764FA07F59C73A3F598714FF48052DD
:100F00004FF00003C1E9002307F59C73A3F5987324
:100F100000221A6607F10803184601F0E3FC0346B5
:100F2000002B01D000F02EF83F23C7F8CC3003236C
:100F3000C7F8D0300023C7F8D4300823C7F8D8301A
:100F40004023C7F8DC304023C7F8E0304FF480631B
:100F5000C7F8E4304023C7F8E83007F1CC0302219A
:100F6000184601F033F90346002B01D000F00AF8CF
:100F700000BF07F59C77BD4680BD00BF0004005848
:100F80000048025880B400AF00BFFDE780B582B0D2
:100F900000AF7860074A7B681360074B1B6898684E
:100FA0000023022200210AF063FB00BF0837BD4680
:100FB00080BD00BFD80100240C00002480B582B0A1
:100FC00000AF78607B68002B04DB7B68022B01DCC0
:100FD000012305E00AF092FC034609221A6000236F
:100FE00018460837BD4680BD80B586B000AFF860B2
:100FF000B9607A60FB68012B02D0FB68022B11D12B
:101000000E4B18687B689AB24FF0FF33B96804F052
:10101000D5FB0346FB75FB7D002B01D17B6808E007
:10102000052306E00AF06AFC034609221A604FF025
:10103000FF3318461837BD4680BD00BFD8010024D5
:1010400080B582B000AF78607B68002B04DB7B68E2
:10105000022B01DC002306E00AF050FC03460922C3
:101060001A604FF0FF3318460837BD4680BD80B583
:1010700084B000AFF860B9607A600AF03FFC0346C4
:1010800009221A604FF0FF3318461037BD4680BD65
:1010900080B586B000AFF860B9607A60FB68002B5D
:1010A00010D10E4B18684FF0FF330122B96804F0DD
:1010B00013FC0346FB75FB7D002B01D1012308E0E7
:1010C000052306E00AF01AFC034609221A604FF0D5
:1010D000FF3318461837BD4680BD00BFD801002435
:1010E00080B582B000AF786039607B68002B08DB88
:1010F0007B68022B05DC3B684FF400525A600023EA
:1011000006E00AF0FBFB034609221A604FF0FF33AA
:1011100018460837BD4680BD80B582B000AF786004
:1011200004480AF09DFA002007F046FF00BF083788
:10113000BD4680BD1CC0000880B500AF154B164AE7
:101140001A60144B154A5A60124B00229A60114BD8
:101150000022DA600F4B00221A610E4B0C225A61FA
:101160000C4B00229A610B4B0022DA61094B0022E2
:101170001A62084B00225A62064B00229A62054806
:1011800004F0CCFA0346002B01D0FFF7FBFE00BFB2
:1011900080BD00BFDC0100240010014040420F0070
:1011A00080B500AFFFF7C8FF0248FFF7EFFE00BFB2
:1011B00080BD00BFDC01002480B500AF1D4B1E4A7E
:1011C0001A601C4B4FF480025A601A4B00229A603E
:1011D000184B0722DA60174B00221A61154B4FF0AB
:1011E00080725A61134B4FF080629A61114B4FF03D
:1011F0008042DA610F4B00221A620E4B00225A62C3
:101200000C4B00229A620B4B0722DA62094B002238
:101210005A63084B0022DA63064B4FF000425A65CE
:10122000044805F0A9FB0346002B01D0FFF7AAFEF6
:1012300000BF80BD700200240030014080B485B042
:1012400000AFF860B9607A60FB68074A1A60BB6853
:10125000064A1A607B684FF480721A6000BF143728
:10126000BD465DF8047B7047F80200245403002457
:1012700080B485B000AFF860B9607A60FB68074A57
:101280001A60BB68064A1A607B684FF480721A6065
:1012900000BF1437BD465DF8047B70475407002437
:1012A000B007002480B500AF02480AF0D9F900BFAA
:1012B00080BD00BF34C0000880B400AF00BFBD4691
:1012C0005DF8047B7047000080B586B000AF3B1D21
:1012D00000221A605A609A60DA601A610F4BD3F8E4
:1012E000E0300E4A43F01003C2F8E0300B4BD3F865
:1012F000E03003F010033B603B6808237B60012370
:10130000BB600023FB6000233B613B1D1946044882
:1013100003F0E6FF00BF1837BD4680BD0044025809
:101320000010025880B500AF164B174A1A60154BD3
:101330000A225A60134B00229A60124B0022DA6094
:10134000104B4FF000721A610E4B4AF644425A613C
:101350000C4B00229A610B4B0022DA61094B0022F0
:101360001A62084B00225A62064B00229A62054814
:1013700005F054FF0346002B01D0FFF703FE00BF2A
:1013800080BD00BFB00B00240038004080B500AF26
:10139000104B114A1A600F4B104A5A600D4B002235
:1013A0009A600C4B0122DA600A4B00221A61094B49
:1013B00000225A61074B0022DA61064B00221A62B2
:1013C000044806F04DF80346002B01D0FFF7DAFD84
:1013D00000BF80BD040C002400540040FFECC0108E
:1013E00080B588B000AF3B1D00221A605A609A6039
:1013F000DA601A615A619A61284B294A1A60274BB0
:1014000000225A60254B00229A60244B0022DA60A9
:10141000224B04221A61214B00221A751F4B002215
:101420005A751E4B01229A611C4B00221A771B4BE6
:1014300000225A62194B00229A62184B0022DA628B
:10144000164B00221A63154B00225A63134B0022DD
:1014500083F83820114806F08FFD0346002B01D099
:10146000FFF790FD01237B600623BB600523FB6033
:1014700040F2FF733B6104237B610023BB613B1D92
:101480001946064806F01AFF0346002B01D0FFF765
:1014900079FD00BF2037BD4680BD00BF580C002439
:1014A0000020024080B582B000AF78600821044877
:1014B00004F0DFF84FF4FA7007F0F8FD00BFF5E72D
:1014C0000010025880B586B000AF3B1D00221A60A4
:1014D0005A609A60DA601A61144BD3F8E030134A0C
:1014E00043F00803C2F8E030104BD3F8E03003F0CB
:1014F00008033B603B6820237B604FF40413BB6010
:101500000123FB6000233B613B1D1946084803F0A3
:10151000E7FE00220521172000F0C9F9172000F08E
:10152000E0F900BF1837BD4680BD00BF0044025837
:10153000000C025880B584B000AF7860FFF7C2FF9E
:101540000023FB73002210210C4804F079F807F106
:101550000F01642301220A4805F032FB0122102109
:10156000064804F06DF8FB7B194606480AF010F8AF
:101570004FF47A7007F09AFD00BFE3E700040258C9
:10158000700200246CC0000880B586B002AF78609D
:1015900001233B73E0237B734FF47A7007F086FDE1
:1015A00007F10C024FF0FF3300930223C0210A48D9
:1015B00005F0F2FF0346FB73FB7B002B03D00748CB
:1015C0000AF04EF802E006480AF04AF84FF47A7042
:1015D00007F06CFDE4E700BF040C00247CC00008A9
:1015E0008CC0000880B582B000AF032000F054F931
:1015F00000F0A2FF0246154B9B691B0A03F00F0384
:101600001349CB5C03F01F0322FA03F37B600F4BFB
:101610009B6903F00F030E4AD35C03F01F037A6843
:1016200022FA03F30B4A13600B4A7B6813600F2006
:1016300000F014F80346002B01D0012302E0FFF76D
:1016400067F9002318460837BD4680BD004402589C
:10165000D0C00008680000246400002480B582B077
:1016600000AF7860154B1B78002B01D1012321E0DE
:10167000134B1A68114B1B7819464FF47A73B3FB5E
:10168000F1F3B2FBF3F3184600F039F90346002BEF
:1016900001D001230EE07B680F2B0AD80022796865
:1016A0004FF0FF3000F003F9064A7B681360002317
:1016B00000E0012318460837BD4680BD60000024C5
:1016C000640000245C00002480B400AF034B1B685E
:1016D0001846BD465DF8047B704700BFBC0C002473
:1016E00080B400AF034B1B681B0C1846BD465DF869
:1016F000047B70470010005C80B485B000AF786058
:101700007B6803F00703FB600B4BDB68BB60BA68C8
:101710004FF6FF031340BB60FB681A02BB681A4315
:10172000064B1343BB60044ABB68D36000BF143749
:10173000BD465DF8047B704700ED00E00000FA054F
:1017400080B400AF044BDB681B0A03F007031846A4
:10175000BD465DF8047B704700ED00E080B483B0C7
:1017600000AF0346FB80B7F90630002B0BDBFB888C
:1017700003F01F020749B7F906305B09012000FAA0
:1017800002F241F8232000BF0C37BD465DF8047B10
:10179000704700BF00E100E080B483B000AF0346B3
:1017A0003960FB80B7F90630002B0ADB3B68DAB200
:1017B0000C49B7F906301201D2B20B4483F800236A
:1017C0000AE03B68DAB20849FB8803F00F03043BE8
:1017D0001201D2B20B441A7600BF0C37BD465DF839
:1017E000047B704700E100E000ED00E080B489B0C8
:1017F00000AFF860B9607A60FB6803F00703FB6133
:10180000FB69C3F10703042B28BF0423BB61FB69F9
:101810000433062B02D9FB69033B00E000237B6104
:101820004FF0FF32BB6902FA03F3DA43BB681A4098
:101830007B699A404FF0FF317B6901FA03F3D9438A
:101840007B680B40134318462437BD465DF8047B84
:101850007047000080B582B000AF78607B68013BC4
:10186000B3F1807F01D301230FE00A4A7B68013B7B
:1018700053600F214FF0FF30FFF78EFF054B002222
:101880009A60044B07221A60002318460837BD46A9
:1018900080BD00BF10E000E080B582B000AF78608E
:1018A0007868FFF729FF00BF0837BD4680BD80B5C7
:1018B00086B000AF0346B9607A60FB81FFF740FF56
:1018C00078617A68B9687869FFF790FF0246B7F9DE
:1018D0000E3011461846FFF75FFF00BF1837BD46B0
:1018E00080BD80B582B000AF0346FB80B7F90630FB
:1018F0001846FFF733FF00BF0837BD4680BD80B5EF
:1019000082B000AF78607868FFF7A4FF03461846FE
:101910000837BD4680BD000080B58CB000AF786050
:101920007B68002B02D1012300F048BC7B681B6858
:1019300003F00103002B00F08880994B1B6903F032
:101940003803FB62964B9B6ABB62FB6A102B07D085
:10195000FB6A182B11D1BB6A03F00303022B0CD1D5
:101960008F4B1B6803F40033002B6DD07B685B68E2
:10197000002B69D1012300F021BC7B685B68B3F5C3
:10198000803F06D1864B1B68854A43F48033136041
:101990002EE07B685B68002B0CD1814B1B68804A72
:1019A00023F4803313607E4B1B687D4A23F480232D
:1019B00013601DE07B685B68B3F5A02F0CD1784BFA
:1019C0001B68774A43F480231360754B1B68744A85
:1019D00043F4803313600BE0714B1B68704A23F4AF
:1019E000803313606E4B1B686D4A23F480231360B1
:1019F0007B685B68002B13D0FFF766FE786208E017
:101A0000FFF762FE02467B6AD31A642B01D90323D7
:101A1000D4E3634B1B6803F40033002BF0D014E0D5
:101A2000FFF752FE786208E0FFF74EFE02467B6A3F
:101A3000D31A642B01D90323C0E3594B1B6803F469
:101A40000033002BF0D100E000BF7B681B6803F07F
:101A50000203002B00F0CA80514B1B6903F03803CE
:101A60003B624F4B9B6AFB613B6A002B07D03B6A92
:101A7000182B56D1FB6903F00303002B51D1484BBF
:101A80001B6803F00403002B05D07B68DB68002B88
:101A900001D1012392E3424B1B6823F019027B68BA
:101AA000DB683F4913430B60FFF70EFE786208E0E6
:101AB000FFF70AFE02467B6AD31A022B01D90323E1
:101AC0007CE3374B1B6803F00403002BF0D0FFF7D7
:101AD00007FE034641F20302934217D87B681B6955
:101AE000402B08D12E4B5B6823F47C332C4A43F403
:101AF000003353607AE02A4B5B6823F47C327B68C6
:101B00001B691B03264913434B606FE0244B5B6842
:101B100023F0FE427B681B691B06214913434B607F
:101B200064E07B68DB68002B47D01D4B1B6823F00B
:101B300019027B68DB681A4913430B60FFF7C4FD89
:101B4000786208E0FFF7C0FD02467B6AD31A022BD9
:101B500001D9032332E3124B1B6803F00403002B6B
:101B6000F0D0FFF7BDFD034641F20302934219D8BE
:101B70007B681B69402B08D1094B5B6823F47C33DD
:101B8000074A43F40033536030E0054B5B6823F4AD
:101B90007C327B681B691B03014913434B6025E0C2
:101BA000004402589A4B5B6823F0FE427B681B6935
:101BB0001B06974913434B6018E0954B1B68944AEA
:101BC00023F001031360FFF77FFD786208E0FFF761
:101BD0007BFD02467B6AD31A022B01D90323EDE277
:101BE0008B4B1B6803F00403002BF0D17B681B6850
:101BF00003F01003002B00F0A980854B1B6903F054
:101C00003803BB61824B9B6A7B61BB69082B07D0A1
:101C1000BB69182B3AD17B6903F00303012B35D143
:101C20007B4B1B6803F48073002B05D07B68DB695A
:101C3000802B01D00123C1E2FFF752FD034641F2A0
:101C40000302934217D87B681B6A202B08D1704B84
:101C50005B6823F0F8436E4A43F08043536075E0BD
:101C60006B4B5B6823F0F8427B681B6A9B066849F4
:101C700013434B606AE0664BDB6823F07C527B6861
:101C80001B6A1B0662491343CB605FE07B68DB691C
:101C9000002B42D05E4B1B685D4A43F0800313600B
:101CA000FFF712FD786208E0FFF70EFD02467B6A3F
:101CB000D31A022B01D9032380E2554B1B6803F48E
:101CC0008073002BF0D0FFF70BFD034641F20302B7
:101CD000934217D87B681B6A202B08D14C4B5B685A
:101CE00023F0F8434A4A43F0804353602EE0484BC8
:101CF0005B6823F0F8427B681B6A9B0644491343E8
:101D00004B6023E0424BDB6823F07C527B681B6A0C
:101D10001B063F491343CB6018E03D4B1B683C4A10
:101D200023F080031360FFF7CFFC786208E0FFF731
:101D3000CBFC02467B6AD31A022B01D903233DE276
:101D4000334B1B6803F48073002BF0D17B681B6856
:101D500003F00803002B36D07B685B69002B19D099
:101D60002B4B5B6F2A4A43F001035367FFF7ACFC30
:101D7000786208E0FFF7A8FC02467B6AD31A022BC0
:101D800001D903231AE2224B5B6F03F00203002BFD
:101D9000F0D018E01E4B5B6F1D4A23F00103536720
:101DA000FFF792FC786208E0FFF78EFC02467B6A40
:101DB000D31A022B01D9032300E2154B5B6F03F00A
:101DC0000203002BF0D17B681B6803F02003002B7B
:101DD00039D07B689B69002B1CD00D4B1B680C4ACB
:101DE00043F480531360FFF76FFC786208E0FFF75D
:101DF0006BFC02467B6AD31A022B01D90323DDE177
:101E0000034B1B6803F40053002BF0D01BE000BF12
:101E1000004402589B4B1B689A4A23F4805313607A
:101E2000FFF752FC786208E0FFF74EFC02467B6A3F
:101E3000D31A022B01D90323C0E1924B1B6803F490
:101E40000053002BF0D17B681B6803F00403002BC8
:101E500000F081808C4B1B688B4A43F480731360C5
:101E6000FFF732FC786208E0FFF72EFC02467B6A3F
:101E7000D31A642B01D90323A0E1834B1B6803F41D
:101E80008073002BF0D07B689B68012B06D17D4BC3
:101E90001B6F7C4A43F0010313672DE07B689B684E
:101EA000002B0CD1774B1B6F764A23F0010313678D
:101EB000744B1B6F734A23F0040313671CE07B68A9
:101EC0009B68052B0CD16F4B1B6F6E4A43F00403CC
:101ED00013676C4B1B6F6B4A43F0010313670BE0F6
:101EE000684B1B6F674A23F001031367654B1B6F39
:101EF000644A23F0040313677B689B68002B15D0AA
:101F0000FFF7E2FB78620AE0FFF7DEFB02467B6A3E
:101F1000D31A41F28832934201D903234EE1594B3F
:101F20001B6F03F00203002BEED014E0FFF7CCFB95
:101F300078620AE0FFF7C8FB02467B6AD31A41F2D7
:101F40008832934201D9032338E14E4B1B6F03F0D3
:101F50000203002BEED17B685B6A002B00F02D8121
:101F6000484B1B6903F03803182B00F0BD807B68D9
:101F70005B6A022B40F09E80424B1B68414A23F073
:101F800080731360FFF7A0FB786208E0FFF79CFB0B
:101F900002467B6AD31A022B01D903230EE1394B87
:101FA0001B6803F00073002BF0D1364B9A6A374B55
:101FB00013407A68916A7A68D26A12010A433149F9
:101FC00013438B627B681B6B013BC3F308027B6886
:101FD0005B6B013B5B029BB21A437B689B6B013BD3
:101FE0001B0403F4FE031A437B68DB6B013B1B06F7
:101FF00003F0FE43234913430B63224BDB6A214A60
:1020000023F00103D3621F4B5A6B214B13407A68B4
:10201000926CD2001B4913434B631A4BDB6A23F0CB
:102020000C027B681B6C17491343CB62154BDB6AB0
:1020300023F002027B685B6C12491343CB62114BA5
:10204000DB6A104A43F48033D3620E4BDB6A0D4ADD
:1020500043F40033D3620B4BDB6A0A4A43F4802318
:10206000D362084BDB6A074A43F00103D362054B96
:102070001B68044A43F080731360FFF725FB786206
:1020800011E000BF00440258004802580CFCFFFF5A
:102090000700FFFFFFF718FB02467B6AD31A022BEB
:1020A00001D903238AE0474B1B6803F00073002B20
:1020B000F0D082E0434B1B68424A23F080731360E8
:1020C000FFF702FB786208E0FFF7FEFA02467B6A40
:1020D000D31A022B01D9032370E03A4B1B6803F09B
:1020E0000073002BF0D168E0364B9B6A3B61354BA7
:1020F0001B6BFB607B685B6A012B31D03B6903F093
:1021000003027B689B6A9A422AD13B691B0903F050
:102110003F027B68DB6A9A4222D1FB68C3F3080264
:102120007B681B6B013B9A421AD1FB685B0A03F088
:102130007F027B685B6B013B9A4211D1FB681B0CF1
:1021400003F07F027B689B6B013B9A4208D1FB68DE
:102150001B0E03F07F027B68DB6B013B9A4201D0D0
:1021600001232BE0174B5B6BDB08C3F30C033B61D4
:102170007B689B6C3A699A421FD0124BDB6A114A0A
:1021800023F00103D362FFF79FFA786200BFFFF7E5
:102190009BFA02467B6A9342F9D00A4B5A6B0A4B70
:1021A00013407A68926CD200064913434B63054B87
:1021B000DB6A044A43F00103D36200231846303738
:1021C000BD4680BD004402580700FFFF80B586B0C1
:1021D00000AF786039607B68002B01D101239CE15E
:1021E0008A4B1B6803F00F033A689A4210D9874B59
:1021F0001B6823F00F0285493B6813430B60834B38
:102200001B6803F00F033A689A4201D0012384E16E
:102210007B681B6803F00403002B10D07B681A69ED
:102220007B4B9B6903F070039A4208D9784B9B69FA
:1022300023F070027B681B69754913438B617B68CF
:102240001B6803F00803002B10D07B685A69704BA1
:10225000DB6903F070039A4208D96D4BDB6923F008
:1022600070027B685B696A491343CB617B681B68BA
:1022700003F01003002B10D07B689A69644BDB6974
:1022800003F4E0639A4208D9614BDB6923F4E0620E
:102290007B689B695E491343CB617B681B6803F0D5
:1022A0002003002B10D07B68DA69594B1B6A03F0BE
:1022B00070039A4208D9564B1B6A23F070027B6860
:1022C000DB69534913430B627B681B6803F002030D
:1022D000002B10D07B68DA684D4B9B6903F00F032D
:1022E0009A4208D94A4B9B6923F00F027B68DB684E
:1022F000474913438B617B681B6803F00103002B84
:1023000055D0434B9B6923F470627B689B684049BE
:1023100013438B617B685B68022B07D13C4B1B68C6
:1023200003F40033002B21D10123F6E07B685B68C6
:10233000032B07D1364B1B6803F00073002B15D11C
:102340000123EAE07B685B68012B07D1304B1B68F7
:1023500003F48073002B09D10123DEE02C4B1B68B2
:1023600003F00403002B01D10123D6E0284B1B69A5
:1023700023F007027B685B68254913430B61FFF775
:10238000A3F978610AE0FFF79FF902467B69D31A47
:1023900041F28832934201D90323BEE01C4B1B69F2
:1023A00003F038027B685B68DB009A42EBD17B6804
:1023B0001B6803F00203002B10D07B68DA68144B13
:1023C0009B6903F00F039A4208D2114B9B6923F0DB
:1023D0000F027B68DB680E4913438B610B4B1B6854
:1023E00003F00F033A689A4214D2084B1B6823F09B
:1023F0000F0206493B6813430B60044B1B6803F054
:102400000F033A689A4205D0012386E0002000526B
:10241000004402587B681B6803F00403002B10D0B3
:102420007B681A693F4B9B6903F070039A4208D29C
:102430003C4B9B6923F070027B681B69394913434D
:102440008B617B681B6803F00803002B10D07B684E
:102450005A69344BDB6903F070039A4208D2314B5E
:10246000DB6923F070027B685B692E491343CB6103
:102470007B681B6803F01003002B10D07B689A69FF
:10248000284BDB6903F4E0639A4208D2254BDB69F1
:1024900023F4E0627B689B6922491343CB617B682C
:1024A0001B6803F02003002B10D07B68DA691D4BFA
:1024B0001B6A03F070039A4208D21A4B1B6A23F07E
:1024C00070027B68DB69174913430B6200F034F834
:1024D0000246144B9B691B0A03F00F031249CB5CA5
:1024E00003F01F0322FA03F33B610E4B9B6903F0D9
:1024F0000F030D4AD35C03F01F033A6922FA03F37A
:102500000A4A13600A4A3B6913600A4B1B68184663
:10251000FFF7A4F80346FB73FB7B18461837BD464C
:1025200080BD00BF00440258D0C0000868000024ED
:10253000640000245C00002480B489B000AFB34B79
:102540001B6903F03803182B00F2558101A252F8E1
:1025500023F000BFB9250008F7270008F727000877
:10256000F7270008F7270008F7270008F7270008D3
:10257000F7270008DF250008F7270008F7270008DD
:10258000F7270008F7270008F7270008F7270008B3
:10259000F7270008E5250008F7270008F7270008B7
:1025A000F7270008F7270008F7270008F727000893
:1025B000F7270008EB250008944B1B6803F0200365
:1025C000002B09D0914B1B68DB0803F00303904AF2
:1025D00022FA03F3BB6111E18D4BBB610EE18D4B20
:1025E000BB610BE18C4BBB6108E1884B9B6A03F03C
:1025F00003037B61854B9B6A1B0903F03F033B612F
:10260000824BDB6A03F00103FB60804B5B6BDB08F2
:10261000C3F30C03FA6802FB03F307EE903AF8EEFB
:10262000677AC7ED027A3B69002B00F0E1807B6995
:10263000022B00F083807B69022B00F2A1807B6972
:10264000002B03D07B69012B56D099E06F4B1B68A0
:1026500003F02003002B2DD06C4B1B68DB0803F02C
:1026600003036B4A22FA03F37B607B6807EE903A20
:10267000F8EE676A3B6907EE903AF8EE677A86EE05
:10268000A77A624B1B6BC3F3080307EE903AF8EE90
:10269000676A97ED026ADFED615AC6EE257A76EE3B
:1026A000A77AF7EE006A77EEA67A67EE277AC7ED8B
:1026B000077A87E03B6907EE903AF8EE677ADFED3C
:1026C000586A86EEA77A514B1B6BC3F3080307EEDB
:1026D000903AF8EE676A97ED026ADFED505AC6EE5F
:1026E000257A76EEA77AF7EE006A77EEA67A67EE9D
:1026F000277AC7ED077A65E03B6907EE903AF8EE76
:10270000677ADFED486A86EEA77A404B1B6BC3F30E
:10271000080307EE903AF8EE676A97ED026ADFED7C
:102720003F5AC6EE257A76EEA77AF7EE006A77EE84
:10273000A67A67EE277AC7ED077A43E03B6907EE92
:10274000903AF8EE677ADFED386A86EEA77A2F4B7B
:102750001B6BC3F3080307EE903AF8EE676A97ED38
:10276000026ADFED2E5AC6EE257A76EEA77AF7EEEC
:10277000006A77EEA67A67EE277AC7ED077A21E03E
:102780003B6907EE903AF8EE677ADFED266A86EE4F
:10279000A77A1E4B1B6BC3F3080307EE903AF8EEC3
:1027A000676A97ED026ADFED1D5AC6EE257A76EE6E
:1027B000A77AF7EE006A77EEA67A67EE277AC7ED7A
:1027C000077A00BF114B1B6B5B0A03F07F030133D9
:1027D0003B603B6807EE903AB8EE677AD7ED076A40
:1027E000C6EE877AFCEEE77A17EE903ABB6105E019
:1027F0000023BB6102E0074BBB6100BFBB69184609
:102800002437BD465DF8047B704700BF0044025882
:102810000090D00300093D0040787D010000004693
:102820000024744C0024744A20BCBE4B80B582B096
:1028300000AFFFF781FE0246104B9B691B0A03F0B5
:102840000F030F49CB5C03F01F0322FA03F37B60F5
:102850000A4B9B6903F00F03094AD35C03F01F0383
:102860007A6822FA03F3074A1360074A7B68136009
:10287000044B1B6818460837BD4680BD004402580B
:10288000D0C00008680000246400002480B500AFB8
:10289000FFF7CCFF0246064BDB691B0903F0070379
:1028A0000449CB5C03F01F0322FA03F3184680BDF2
:1028B00000440258D0C0000880B500AFFFF7B6FF53
:1028C0000246064BDB691B0A03F007030449CB5C95
:1028D00003F01F0322FA03F3184680BD0044025898
:1028E000D0C000082DE9B04FCAB000AFC7F814013E
:1028F000002387F82731002387F82631D7F81431D1
:10290000D3E9002302F00064002554EA050349D00E
:10291000D7F814319B6EB3F5401F2FD0B3F5401F8D
:1029200028D8B3F5001F1AD0B3F5001F22D8002B0A
:1029300003D0B3F5801F07D01CE0B84BDB6AB74A61
:1029400043F40033D3621AE0D7F81431083302217C
:10295000184602F061FB034687F827310FE0D7F8ED
:10296000143128330221184602F008FC034687F888
:10297000273104E0012387F8273100E000BF97F8F2
:102980002731002B0AD1A54B1B6D23F44011D7F83A
:1029900014319B6EA14A0B43136503E097F827316E
:1029A00087F82631D7F81431D3E9002302F4807870
:1029B0004FF0000958EA090347D0D7F814319B6D4E
:1029C000042B2AD801A252F823F000BFE129000805
:1029D000EF290008052A0008232A0008232A0008F6
:1029E0008E4BDB6A8D4A43F40033D3621AE0D7F88A
:1029F000143108330021184602F00EFB034687F815
:102A000027310FE0D7F8143128330021184602F09F
:102A1000B5FB034687F8273104E0012387F8273107
:102A200000E000BF97F82731002B0AD17B4B1B6DCC
:102A300023F00701D7F814319B6D784A0B431365D7
:102A400003E097F8273187F82631D7F81431D3E916
:102A5000002302F4007A4FF0000B5AEA0B034CD02B
:102A6000D7F81431DB6DB3F5807F30D0B3F5807FBC
:102A700029D8C02B2DD0C02B25D8802B18D0802B47
:102A800021D8002B02D0402B07D01CE0634BDB6A1F
:102A9000624A43F40033D3621CE0D7F814310833A0
:102AA0000021184602F0B8FA034687F8273111E0F2
:102AB000D7F8143128330021184602F05FFB034693
:102AC00087F8273106E0012387F8273102E000BFAD
:102AD00000E000BF97F82731002B0AD14F4B1B6D48
:102AE00023F4E071D7F81431DB6D4C4A0B431365C6
:102AF00003E097F8273187F82631D7F81431D3E966
:102B0000002302F48063C7F808310023C7F80C31B2
:102B1000D7E942120B46134353D0D7F81431D3F8F8
:102B2000A830B3F5000F35D0B3F5000F2ED8B3F5AC
:102B3000C00F31D0B3F5C00F28D8B3F5800F1AD02D
:102B4000B3F5800F22D8002B03D0B3F5001F07D0B8
:102B50001CE0324BDB6A314A43F40033D3621CE0A1
:102B6000D7F8143108330021184602F055FA03460D
:102B700087F8273111E0D7F814312833002118469F
:102B800002F0FCFA034687F8273106E0012387F8B4
:102B9000273102E000BF00E000BF97F82731002B8B
:102BA0000BD11E4B9B6D23F46001D7F81431D3F881
:102BB000A8301A4A0B43936503E097F8273187F84A
:102BC0002631D7F81431D3E9002302F40063C7F8A3
:102BD00000310023C7F80431D7E940120B461343F4
:102BE00056D0D7F81431D3F8AC30B3F1806F38D069
:102BF000B3F1806F31D8B3F1407F34D0B3F1407F6F
:102C00002BD8B3F1007F1DD0B3F1007F25D8002B66
:102C100006D0B3F1807F0AD01FE000BF0044025805
:102C2000A24BDB6AA14A43F40033D3621CE0D7F81D
:102C3000143108330021184602F0EEF9034687F8F4
:102C4000273111E0D7F8143128330021184602F05B
:102C500095FA034687F8273106E0012387F82731E4
:102C600002E000BF00E000BF97F82731002B0BD136
:102C70008E4B9B6D23F0E061D7F81431D3F8AC3064
:102C80008A4A0B43936503E097F8273187F826318A
:102C9000D7F81431D3E9002302F00073C7F8F830F5
:102CA0000023C7F8FC30D7E93E120B4613433AD055
:102CB000D7F81431DB6C302B1FD0302B19D8202BD8
:102CC0000CD0202B15D8002B19D0102B11D1774BFD
:102CD000DB6A764A43F40033D36211E0D7F814314B
:102CE00008330221184602F097F9034687F8273186
:102CF00006E0012387F8273102E000BF00E000BFB3
:102D000097F82731002B0AD1684BDB6C23F0300198
:102D1000D7F81431DB6C654A0B43D36403E097F8B2
:102D2000273187F82631D7F81431D3E9002302F48C
:102D30008053C7F8F0300023C7F8F430D7E93C12CD
:102D40000B46134351D0D7F814311B6EB3F5804FA7
:102D500035D0B3F5804F2ED8B3F5405F31D0B3F501
:102D6000405F28D8B3F5005F1AD0B3F5005F22D8D2
:102D7000002B03D0B3F5805F07D01CE04B4BDB6A20
:102D80004A4A43F40033D3621CE0D7F814310833C5
:102D90000021184602F040F9034687F8273111E078
:102DA000D7F8143128330021184602F0E7F903461A
:102DB00087F8273106E0012387F8273102E000BFBA
:102DC00000E000BF97F82731002B0AD1374B1B6D6D
:102DD00023F4E041D7F814311B6E344A0B431365DA
:102DE00003E097F8273187F82631D7F81431D3E973
:102DF000002302F40053C7F8E8300023C7F8EC3092
:102E0000D7E93A120B46134356D0D7F814315B6E0C
:102E1000B3F5A02F33D0B3F5A02F2CD8B3F5802F66
:102E20002FD0B3F5802F26D8B3F5403F2BD0B3F584
:102E3000403F20D8B3F5003F12D0B3F5003F1AD879
:102E4000002B22D0B3F5803F15D1D7F814310833C9
:102E50000121184602F0E0F8034687F8273115E013
:102E6000D7F8143128330121184602F087F90346B8
:102E700087F827310AE0012387F8273106E000BFF1
:102E800004E000BF02E000BF00E000BF97F8273178
:102E9000002B0DD1054B1B6D23F4E021D7F8143125
:102EA0005B6E024A0B43136506E000BF0044025804
:102EB00097F8273187F82631D7F81431D3E9002362
:102EC00002F48043C7F8E0300023C7F8E430D7E9C4
:102ED00038120B46134355D0D7F81431D3F8B0301D
:102EE000B3F1A04F33D0B3F1A04F2CD8B3F1804F42
:102EF0002FD0B3F1804F26D8B3F1405F2BD0B3F180
:102F0000405F20D8B3F1005F12D0B3F1005F1AD850
:102F1000002B22D0B3F1805F15D1D7F814310833DC
:102F20000121184602F078F8034687F8273115E0AA
:102F3000D7F8143128330121184602F01FF903464F
:102F400087F827310AE0012387F8273106E000BF20
:102F500004E000BF02E000BF00E000BF97F82731A7
:102F6000002B0BD1A34B9B6D23F0E041D7F814311C
:102F7000D3F8B0309F4A0B43936503E097F82731AD
:102F800087F82631D7F81431D3E9002302F400433F
:102F9000C7F8D8300023C7F8DC30D7E936120B4623
:102FA000134337D0D7F814311B6FB3F1005F0ED045
:102FB000B3F1005F16D8002B18D0B3F1805F11D1A8
:102FC0008C4BDB6A8B4A43F40033D3620FE0D7F8B3
:102FD000143108330121184602F01EF8034687F821
:102FE000273104E0012387F8273100E000BF97F87C
:102FF0002731002B0AD17F4B1B6D23F04051D7F8AE
:1030000014311B6F7B4A0B43136503E097F827319C
:1030100087F82631D7F81431D3E9002302F0807302
:10302000C7F8D0300023C7F8D430D7E934120B46A4
:10303000134339D0D7F814319B6C032B1CD801A251
:1030400052F823F081300008553000086330000842
:1030500081300008674BDB6A664A43F40033D36271
:103060000FE0D7F8143108330221184601F0D4FFDD
:10307000034687F8273104E0012387F8273100E071
:1030800000BF97F82731002B0AD15A4BDB6C23F095
:103090000301D7F814319B6C564A0B43D36403E009
:1030A00097F8273187F82631D7F81431D3E9002370
:1030B00002F48003C7F8C8300023C7F8CC30D7E942
:1030C00032120B46134300F09F804B4B1B684A4A59
:1030D00043F480731360FEF7F7FAC7F820010BE0A2
:1030E000FEF7F2FA0246D7F82031D31A642B03D93F
:1030F000032387F8273105E03F4B1B6803F48073F7
:10310000002BEDD097F82731002B79D1394B1A6F6E
:10311000D7F81431D3F8B430534003F44073002B84
:1031200015D0344B1B6F23F44073C7F81C31314B5F
:103130001B6F304A43F4803313672E4B1B6F2D4AAD
:1031400023F4803313672B4AD7F81C311367D7F861
:103150001431D3F8B430B3F5807F18D1FEF7B4FA48
:10316000C7F820010DE0FEF7AFFA0246D7F820318C
:10317000D21A41F288339A4203D9032387F82731C0
:1031800005E01C4B1B6F03F00203002BEBD097F8FC
:103190002731002B29D1D7F81431D3F8B43003F4F8
:1031A0004073B3F5407F0ED1124B1B6923F47C5161
:1031B000D7F81431D3F8B4301A09104B13400D4A24
:1031C0000B43136105E00B4B1B690A4A23F47C5344
:1031D0001361084B196FD7F81431D3F8B430C3F327
:1031E0000B03044A0B4313670EE097F8273187F867
:1031F000263109E00044025800480258CFFFFF0082
:1032000097F8273187F82631D7F81431D3E900230E
:1032100002F00103C7F8C0300023C7F8C430D7E973
:1032200030120B46134300F08980D7F81431DB6F5E
:10323000282B6BD801A252F823F000BF15330008E9
:103240000D3300080D3300080D3300080D3300085E
:103250000D3300080D3300080D330008E13200087B
:103260000D3300080D3300080D3300080D3300083E
:103270000D3300080D3300080D330008F732000845
:103280000D3300080D3300080D3300080D3300081E
:103290000D3300080D3300080D3300081533000806
:1032A0000D3300080D3300080D3300080D330008FE
:1032B0000D3300080D3300080D33000815330008E6
:1032C0000D3300080D3300080D3300080D330008DE
:1032D0000D3300080D3300080D33000815330008C6
:1032E000D7F8143108330121184601F095FE034642
:1032F00087F827310FE0D7F8143128330121184619
:1033000001F03CFF034687F8273104E0012387F8EA
:10331000273100E000BF97F82731002B0AD1BF4BBF
:103320005B6D23F03801D7F81431DB6FBB4A0B43D8
:10333000536503E097F8273187F82631D7F8143121
:10334000D3E9002302F00203C7F8B8300023C7F81E
:10335000BC30D7E92E120B46134341D0D7F81431B5
:103360009B6F052B24D801A252F823F0B933000833
:10337000853300089B330008B9330008B9330008CF
:10338000B9330008D7F8143108330121184601F089
:1033900043FE034687F827310FE0D7F8143128336E
:1033A0000121184601F0EAFE034687F8273104E0C0
:1033B000012387F8273100E000BF97F82731002B61
:1033C0000AD1964B5B6D23F00701D7F814319B6F40
:1033D000924A0B43536503E097F8273187F826316B
:1033E000D7F81431D3E9002302F00403C7F8B03052
:1033F0000023C7F8B430D7E92C120B46134344D04E
:10340000D7F81431D3F89430052B25D801A252F8FF
:1034100023F000BF613400082D3400084334000855
:10342000613400086134000861340008D7F81431B1
:1034300008330121184601F0EFFD034687F82731D4
:103440000FE0D7F8143128330121184601F096FE19
:10345000034687F8273104E0012387F8273100E08D
:1034600000BF97F82731002B0BD16C4B9B6D23F0DD
:103470000701D7F81431D3F89430684A0B439365A9
:1034800003E097F8273187F82631D7F81431D3E9CC
:10349000002302F02003C7F8A8300023C7F8AC309F
:1034A000D7E92A120B46134355D0D7F81431D3F875
:1034B0009030B3F1A04F33D0B3F1A04F2CD8B3F17B
:1034C000804F2FD0B3F1804F26D8B3F1405F2BD07F
:1034D000B3F1405F20D8B3F1005F12D0B3F1005FC9
:1034E0001AD8002B22D0B3F1805F15D1D7F8143150
:1034F00008330021184601F08FFD034687F8273175
:1035000015E0D7F8143128330221184601F036FEB1
:10351000034687F827310AE0012387F8273106E0C0
:1035200000BF04E000BF02E000BF00E000BF97F86A
:103530002731002B0BD1394B5B6D23F0E041D7F8DD
:103540001431D3F89030354A0B43536503E097F8B4
:10355000273187F82631D7F81431D3E9002302F058
:103560004003C7F8A0300023C7F8A430D7E92812D9
:103570000B46134358D0D7F81431D3F89C30B3F529
:10358000A05F33D0B3F5A05F2CD8B3F5805F2FD008
:10359000B3F5805F26D8B3F5406F2BD0B3F5406FFD
:1035A00020D8B3F5006F12D0B3F5006F1AD8002BF6
:1035B00022D0B3F5806F15D1D7F81431083300212C
:1035C000184601F029FD034687F8273115E0D7F8A2
:1035D000143128330221184601F0D0FD034687F844
:1035E00027310AE0012387F8273106E000BF04E015
:1035F00000BF02E000BF00E000BF97F82731002BBA
:103600000ED1064B9B6D23F4E051D7F81431D3F85B
:103610009C30024A0B43936506E000BF0044025809
:1036200097F8273187F82631D7F81431D3E90023EA
:1036300002F08003C7F898300023C7F89C30D7E920
:1036400026120B46134355D0D7F81431D3F8A030C7
:10365000B3F5204F33D0B3F5204F2CD8B3F5004F3E
:103660002FD0B3F5004F26D8B3F5C04F2BD0B3F50C
:10367000C04F20D8B3F5804F12D0B3F5804F1AD881
:10368000002B22D0B3F5005F15D1D7F814310833E1
:103690000021184601F0C0FC034687F8273115E0E9
:1036A000D7F8143128330221184601F067FD03468C
:1036B00087F827310AE0012387F8273106E000BFA9
:1036C00004E000BF02E000BF00E000BF97F8273130
:1036D000002B0BD1A14B9B6D23F46041D7F8143123
:1036E000D3F8A0309D4A0B43936503E097F8273148
:1036F00087F82631D7F81431D3E9002302F0080304
:10370000C7F890300023C7F89430D7E924120B464D
:1037100013431ED0D7F81431D3F88430B3F5805F4B
:103720000CD1D7F8143128330221184601F026FDB8
:103730000346002B02D0012387F82631874B5B6DAF
:1037400023F44051D7F81431D3F88430834A0B4323
:103750005365D7F81431D3E9002302F01003C7F8FA
:1037600088300023C7F88C30D7E922120B46134368
:103770001ED0D7F81431D3F89830B3F5807F0CD130
:10378000D7F8143128330221184601F0F7FC03461C
:10379000002B02D0012387F82631704B9B6D23F458
:1037A0004071D7F81431D3F898306C4A0B439365C5
:1037B000D7F81431D3E9002302F40023C7F880308E
:1037C0000023C7F88430D7E920120B4613433ED0BC
:1037D000D7F81431D3F8A430B3F5003F22D0B3F5B5
:1037E000003F1BD8002B03D0B3F5803F0BD015E072
:1037F000D7F8143108330021184601F00DFC0346B8
:1038000087F827310FE0D7F8143128330221184602
:1038100001F0B4FC034687F8273104E0012387F860
:10382000273100E000BF97F82731002B0BD14B4B1D
:103830009B6D23F44031D7F81431D3F8A430474AB4
:103840000B43936503E097F8273187F82631D7F8C3
:103850001431D3E9002302F48023BB670023FB6704
:10386000D7E91E120B4613433BD0D7F81431D3F8D7
:103870008830B3F5401F1FD0B3F5401F18D8B3F5FB
:10388000801F03D0B3F5001F07D011E0334BDB6A74
:10389000324A43F40033D3620FE0D7F814312833AF
:1038A0000121184601F06AFC034687F8273104E03D
:1038B000012387F8273100E000BF97F82731002B5C
:1038C0000BD1264B5B6D23F44011D7F81431D3F89C
:1038D0008830224A0B43536503E097F8273187F875
:1038E0002631D7F81431D3E9002302F480333B6743
:1038F00000237B67D7E91C120B46134334D0D7F85B
:1039000014311B6D002B03D0B3F5803F07D011E0BD
:10391000124BDB6A114A43F40033D3620EE0D7F84E
:10392000143108330221184601F076FB034687F86C
:10393000273103E0012387F8273100BF97F82731AB
:10394000002B0DD1054BDB6C23F48031D7F81431FB
:103950001B6D024A0B43D36406E000BF00440258CB
:1039600097F8273187F82631D7F81431D3E90023A7
:1039700002F00053BB660023FB66D7E91A120B4620
:1039800013430CD0D7F8143128330221184601F024
:10399000F5FB0346002B02D0012387F82631D7F828
:1039A0001431D3E9002302F400333B6600237B6625
:1039B000D7E918120B46134338D0D7F81431D3F88F
:1039C0008030B3F5407F18D0B3F5407F11D8B3F500
:1039D000007F14D0B3F5007F0BD8002B11D0B3F5C6
:1039E000807F06D1C34BDB6AC24A43F40033D36203
:1039F00008E0012387F8273104E000BF02E000BFA0
:103A000000E000BF97F82731002B0BD1B94B5B6D5D
:103A100023F44071D7F81431D3F88030B54A0B4302
:103A2000536503E097F8273187F82631D7F814312A
:103A3000D3E9002302F48013BB650023FB65D7E9BB
:103A400016120B46134309D0AA4B1B6D23F00041FD
:103A5000D7F814315B6FA74A0B431365D7F81431BD
:103A6000D3E9002302F080533B6500237B65D7E94F
:103A700014120B4613430AD09E4B1B6923F480415A
:103A8000D7F81431D3F8B8309A4A0B431361D7F8FA
:103A90001431D3E9002302F40013BB640023FB6458
:103AA000D7E912120B46134309D0924B1B6D23F03A
:103AB0008071D7F81431DB6E8E4A0B431365D7F84B
:103AC0001431D3E9002302F080433B6400237B647C
:103AD000D7E910120B4613430ED0864B1B69854A5B
:103AE00023F400431361834B1969D7F81431D3F8D9
:103AF000BC30804A0B431361D7F81431D3E900235B
:103B000002F00043BB630023FB63D7E90E120B46B0
:103B1000134309D0774BDB6C23F04051D7F81431B5
:103B20005B6D744A0B43D364D7F81431D3E9002397
:103B300002F400033B6300237B63D7E90C120B46BE
:103B400013430AD06B4B5B6D23F44001D7F814315B
:103B5000D3F88C30674A0B435365D7F81431D3E957
:103B600000230021B96203F00103FB62D7E90A12C6
:103B70000B46134311D0D7F81431083300211846EF
:103B800001F04AFA034687F8273197F82731002BCE
:103B900003D097F8273187F82631D7F81431D3E9C5
:103BA00000230021396203F002037B62D7E9081287
:103BB0000B46134311D0D7F81431083301211846AE
:103BC00001F02AFA034687F8273197F82731002BAE
:103BD00003D097F8273187F82631D7F81431D3E985
:103BE00000230021B96103F00403FB61D7E9061249
:103BF0000B46134311D0D7F814310833022118466D
:103C000001F00AFA034687F8273197F82731002B8D
:103C100003D097F8273187F82631D7F81431D3E944
:103C200000230021396103F008037B61D7E9041206
:103C30000B46134311D0D7F814312833002118460E
:103C400001F09CFA034687F8273197F82731002BBB
:103C500003D097F8273187F82631D7F81431D3E904
:103C600000230021B96003F01003FB60D7E90212C2
:103C70000B46134311D0D7F81431283301211846CD
:103C800001F07CFA034687F8273197F82731002B9B
:103C900003D097F8273187F82631D7F81431D3E9C4
:103CA00000230021396003F020037B60D7E9001274
:103CB0000B46134311D0D7F814312833022118468C
:103CC00001F05CFA034687F8273197F82731002B7B
:103CD00003D097F8273187F8263197F82631002B43
:103CE00001D1002300E00123184607F59477BD4673
:103CF000BDE8B08F0044025880B590B000AFC7E96E
:103D00000001D7E90023A2F580710B4340F09480B5
:103D10009E4B1B6D03F007033B633B6B042B00F2D0
:103D2000878001A252F823F03D3D0008653D000860
:103D30008D3D0008293E0008B53D0008934B1B68E7
:103D400003F00073B3F1007F08D107F12403184694
:103D500001F010F8BB6AFB6300F045BD0023FB6374
:103D600000F041BD894B1B6803F00063B3F1006FA5
:103D700008D107F11803184600F054FDBB69FB6336
:103D800000F031BD0023FB6300F02DBD7F4B1B68AD
:103D900003F00053B3F1005F08D107F10C0318469C
:103DA00000F094FEFB68FB6300F01DBD0023FB6385
:103DB00000F019BD754BDB6C03F040537B63734B14
:103DC0001B6803F00403042B0CD17B6B002B09D17F
:103DD0006E4B1B68DB0803F003036D4A22FA03F302
:103DE000FB631FE0694B1B6803F48073B3F5807FAE
:103DF00006D17B6BB3F1805F02D1664BFB6311E0B0
:103E0000624B1B6803F40033B3F5003F06D17B6BB4
:103E1000B3F1005F02D1604BFB6303E00023FB635F
:103E200000F0E1BC00F0DFBC5C4BFB6300F0DBBCEE
:103E30000023FB6300F0D7BCD7E90023A2F5007193
:103E40000B4340F0AD80514B1B6D03F4E0733B63BB
:103E50003B6BB3F5807F56D03B6BB3F5807F00F2B0
:103E600090803B6BC02B00F088803B6BC02B00F236
:103E700088803B6B802B32D03B6B802B00F28180A3
:103E80003B6B002B03D03B6B402B14D079E03F4BB6
:103E90001B6803F00073B3F1007F08D107F124031E
:103EA000184600F067FFBB6AFB6300F09CBC002370
:103EB000FB6300F098BC354B1B6803F00063B3F163
:103EC000006F08D107F11803184600F0ABFCBB697E
:103ED000FB6300F088BC0023FB6300F084BC2B4B29
:103EE0001B6803F00053B3F1005F08D107F10C0326
:103EF000184600F0EBFDFB68FB6300F074BC002388
:103F0000FB6300F070BC214BDB6C03F040537B6320
:103F10001E4B1B6803F00403042B0CD17B6B002B9E
:103F200009D11A4B1B68DB0803F00303184A22FA75
:103F300003F3FB631FE0154B1B6803F48073B3F5B9
:103F4000807F06D17B6BB3F1805F02D1114BFB63A5
:103F500011E00E4B1B6803F40033B3F5003F06D1AC
:103F60007B6BB3F1005F02D10B4BFB6303E00023DB
:103F7000FB6300F038BC00F036BC084BFB6300F07C
:103F800032BC0023FB6300F02EBC00BF004402588B
:103F90000090D00300093D0040787D010080BB0007
:103FA000D7E90023A2F580610B4340F09C809E4B33
:103FB0009B6D03F460033B633B6BB3F5000F54D080
:103FC0003B6BB3F5000F00F28B803B6BB3F5C00F7A
:103FD00000F083803B6BB3F5C00F00F281803B6B38
:103FE000B3F5800F2FD03B6BB3F5800F78D83B6BC8
:103FF000002B04D03B6BB3F5001F12D070E08A4B4E
:104000001B6803F00073B3F1007F07D107F12403AD
:10401000184600F0AFFEBB6AFB63E4E30023FB63DA
:10402000E1E3814B1B6803F00063B3F1006F07D13C
:1040300007F11803184600F0F5FBBB69FB63D2E3F8
:104040000023FB63CFE3784B1B6803F00053B3F10D
:10405000005F07D107F10C03184600F037FDFB683D
:10406000FB63C0E30023FB63BDE36F4BDB6C03F03A
:1040700040537B636C4B1B6803F00403042B0CD18F
:104080007B6B002B09D1684B1B68DB0803F0030333
:10409000664A22FA03F3FB631EE0634B1B6803F4DA
:1040A0008073B3F5807F06D17B6BB3F1805F02D163
:1040B0005F4BFB6310E05C4B1B6803F40033B3F50C
:1040C000003F06D17B6BB3F1005F02D1594BFB631C
:1040D00002E00023FB6386E385E3574BFB6382E347
:1040E0000023FB637FE3D7E90023A2F500610B43C4
:1040F00040F0A7804C4B9B6D03F0E0633B633B6B50
:10410000B3F1806F55D03B6BB3F1806F00F29680B6
:104110003B6BB3F1407F00F084803B6BB3F1407F99
:1041200000F28C803B6BB3F1007F30D03B6BB3F17E
:10413000007F00F283803B6B002B04D03B6BB3F11C
:10414000807F12D07AE0384B1B6803F00073B3F124
:10415000007F07D107F12403184600F00BFEBB6A6D
:10416000FB6340E30023FB633DE32F4B1B6803F03D
:104170000063B3F1006F07D107F11803184600F090
:1041800051FBBB69FB632EE30023FB632BE3264B50
:104190001B6803F00053B3F1005F07D107F10C0374
:1041A000184600F093FCFB68FB631CE30023FB63F1
:1041B00019E31D4BDB6C03F040537B631A4B1B6808
:1041C00003F00403042B0CD17B6B002B09D1164B9D
:1041D0001B68DB0803F00303144A22FA03F3FB63B2
:1041E0001EE0114B1B6803F48073B3F5807F06D18A
:1041F0007B6BB3F1805F02D10D4BFB6310E00A4B88
:104200001B6803F40033B3F5003F06D17B6BB3F1B9
:10421000005F02D1074BFB6302E00023FB63E2E295
:10422000E1E2054BFB63DEE2004402580090D0035C
:1042300000093D0040787D010080BB000023FB6346
:10424000D1E2D7E90023A2F580510B4340F09C80D6
:10425000934B1B6D03F4E043BB63BB6BB3F5804F23
:1042600054D0BB6BB3F5804F00F28B80BB6BB3F5C2
:10427000405F00F08380BB6BB3F5405F00F281804C
:10428000BB6BB3F5005F2FD0BB6BB3F5005F78D885
:10429000BB6B002B04D0BB6BB3F5805F12D070E01A
:1042A0007F4B1B6803F00073B3F1007F07D107F168
:1042B0002403184600F05EFDBB6AFB6393E2002313
:1042C000FB6390E2764B1B6803F00063B3F1006F71
:1042D00007D107F11803184600F0A4FABB69FB6385
:1042E00081E20023FB637EE26D4B1B6803F0005309
:1042F000B3F1005F07D107F10C03184600F0E6FBAD
:10430000FB68FB636FE20023FB636CE2644BDB6CD6
:1043100003F040537B63624B1B6803F00403042BE0
:104320000CD17B6B002B09D15D4B1B68DB0803F0C4
:1043300003035C4A22FA03F3FB631EE0584B1B683D
:1043400003F48073B3F5807F06D17B6BB3F1805F9C
:1043500002D1554BFB6310E0514B1B6803F4003353
:10436000B3F5003F06D17B6BB3F1005F02D14F4B39
:10437000FB6302E00023FB6335E234E24C4BFB635A
:1043800031E20023FB632EE2D7E90023A2F50051BE
:104390000B4340F08F80424B1B6D03F4E023BB6363
:1043A000BB6BB3F5A02F6BD0BB6BB3F5A02F74D84C
:1043B000BB6BB3F5802F56D0BB6BB3F5802F6CD899
:1043C000BB6BB3F5403F3BD0BB6BB3F5403F64D80C
:1043D000BB6BB3F5003F21D0BB6BB3F5003F5CD89E
:1043E000BB6B002B04D0BB6BB3F5803F04D054E013
:1043F000FEF74CFAF863F6E1294B1B6803F0006303
:10440000B3F1006F07D107F11803184600F00AFA5C
:10441000FB69FB63E7E10023FB63E4E1204B1B68DE
:1044200003F00053B3F1005F07D107F10C03184606
:1044300000F04CFB3B69FB63D5E10023FB63D2E159
:10444000174B1B6803F00403042B09D1144B1B68A2
:10445000DB0803F00303134A22FA03F3FB63C2E110
:104460000023FB63BFE10E4B1B6803F48073B3F5BD
:10447000807F02D10C4BFB63B5E10023FB63B2E10B
:10448000074B1B6803F40033B3F5003F02D1074B21
:10449000FB63A8E10023FB63A5E10023FB63A2E12A
:1044A000004402580090D00300093D0040787D018F
:1044B0000080BB00D7E90023A2F500210B4373D194
:1044C0009C4B9B6D03F44033BB63BB6BB3F5003F68
:1044D0002FD0BB6BB3F5003F63D8BB6B002B04D070
:1044E000BB6BB3F5803F12D05BE0924B1B6803F0CF
:1044F0000063B3F1006F07D107F11803184600F00D
:1045000091F9BB69FB636EE10023FB636BE1894BAF
:104510001B6803F00053B3F1005F07D107F10C03F0
:10452000184600F0D3FA7B69FB635CE10023FB6370
:1045300059E1804BDB6C03F040537B637D4B1B6880
:1045400003F00403042B0CD17B6B002B09D1794BB6
:104550001B68DB0803F00303774A22FA03F3FB63CB
:104560001EE0744B1B6803F48073B3F5807F06D1A3
:104570007B6BB3F1805F02D1704BFB6310E06D4B3E
:104580001B6803F40033B3F5003F06D17B6BB3F136
:10459000005F02D16A4BFB6302E00023FB6322E170
:1045A00021E10023FB631EE1D7E90023A2F580315E
:1045B0000B4333D15F4BDB6C03F48033BB63BB6BCA
:1045C000002B04D0BB6BB3F5803F12D023E0594BD6
:1045D0001B6803F00073B3F1007F07D107F12403D8
:1045E000184600F0C7FBBB6AFB63FCE00023FB63DB
:1045F000F9E0504B1B6803F00063B3F1006F07D183
:1046000007F11803184600F00DF93B6AFB63EAE076
:104610000023FB63E7E00023FB63E4E0D7E900232A
:10462000A2F580410B4340F08D80424B9B6D03F01F
:10463000E043BB63BB6BB3F1A04F6BD0BB6BB3F17B
:10464000A04F74D8BB6BB3F1804F56D0BB6BB3F1A6
:10465000804F6CD8BB6BB3F1405F3BD0BB6BB3F109
:10466000405F64D8BB6BB3F1005F21D0BB6BB3F18B
:10467000005F5CD8BB6B002B04D0BB6BB3F1805FD9
:1046800004D054E000F0B8F8F863ACE0294B1B68A4
:1046900003F00063B3F1006F07D107F11803184668
:1046A00000F0C0F8FB69FB639DE00023FB639AE028
:1046B000204B1B6803F00053B3F1005F07D107F1F3
:1046C0000C03184600F002FA3B69FB638BE0002301
:1046D000FB6388E0174B1B6803F00403042B09D12C
:1046E000144B1B68DB0803F00303134A22FA03F39D
:1046F000FB6378E00023FB6375E00E4B1B6803F45B
:104700008073B3F5807F02D10C4BFB636BE0002319
:10471000FB6368E0074B1B6803F40033B3F5003F0D
:1047200002D1074BFB635EE00023FB635BE00023E9
:10473000FB6358E0004402580090D00300093D009C
:1047400040787D01D7E90023A2F500410B4348D111
:10475000274B1B6D03F04053BB63BB6BB3F1005F92
:104760002AD0BB6BB3F1005F38D8BB6B002B04D0F1
:10477000BB6BB3F1805F0DD030E01D4B1B6803F4C1
:104780000033B3F5003F02D11A4BFB632BE000234B
:10479000FB6328E0164B1B6803F00073B3F1007F46
:1047A00007D107F12403184600F0E4FABB6AFB6363
:1047B00019E00023FB6316E00D4B1B6803F0006358
:1047C000B3F1006F07D107F11803184600F02AF87B
:1047D000FB69FB6307E00023FB6304E00023FB634A
:1047E00001E00023FB63FB6B18464037BD4680BDEC
:1047F0000044025840787D0180B500AFFEF716F8FE
:104800000246064B1B6A1B0903F007030449CB5CF5
:1048100003F01F0322FA03F3184680BD0044025838
:10482000D0C0000880B489B000AF7860A14B9B6A0B
:1048300003F00303BB619F4B9B6A1B0B03F03F0319
:104840007B619C4BDB6A1B0903F001033B61994BC5
:10485000DB6BDB08C3F30C033A6902FB03F307EEDF
:10486000903AF8EE677AC7ED037A7B69002B00F087
:104870001181BB69022B00F08380BB69022B00F21F
:10488000A180BB69002B03D0BB69012B56D099E0F6
:10489000884B1B6803F02003002B2DD0854B1B6831
:1048A000DB0803F00303844A22FA03F3BB60BB680E
:1048B00007EE903AF8EE676A7B6907EE903AF8EEF9
:1048C000677A86EEA77A7B4B9B6BC3F3080307EEF0
:1048D000903AF8EE676A97ED036ADFED785AC6EE14
:1048E000257A76EEA77AF7EE006A77EEA67A67EE7B
:1048F000277AC7ED077A87E07B6907EE903AF8EEF2
:10490000677ADFED6F6A86EEA77A6A4B9B6BC3F31B
:10491000080307EE903AF8EE676A97ED036ADFED59
:10492000675AC6EE257A76EEA77AF7EE006A77EE3A
:10493000A67A67EE277AC7ED077A65E07B6907EE0E
:10494000903AF8EE677ADFED5F6A86EEA77A594B08
:104950009B6BC3F3080307EE903AF8EE676A97ED96
:10496000036ADFED565AC6EE257A76EEA77AF7EEA1
:10497000006A77EEA67A67EE277AC7ED077A43E0FA
:104980007B6907EE903AF8EE677ADFED4F6A86EEC4
:10499000A77A484B9B6BC3F3080307EE903AF8EEF7
:1049A000676A97ED036ADFED455AC6EE257A76EE23
:1049B000A77AF7EE006A77EEA67A67EE277AC7ED58
:1049C000077A21E07B6907EE903AF8EE677ADFED2F
:1049D0003D6A86EEA77A374B9B6BC3F3080307EE5D
:1049E000903AF8EE676A97ED036ADFED345AC6EE47
:1049F000257A76EEA77AF7EE006A77EEA67A67EE6A
:104A0000277AC7ED077A00BF2A4B9B6B5B0A03F03E
:104A10007F0307EE903AF8EE677AB7EE007A37EE4A
:104A2000877AD7ED076AC6EE877AFCEEE77A17EE4B
:104A3000902A7B681A601F4B9B6B1B0C03F07F0353
:104A400007EE903AF8EE677AB7EE007A37EE877A9B
:104A5000D7ED076AC6EE877AFCEEE77A17EE902A62
:104A60007B685A60134B9B6B1B0E03F07F0307EEB2
:104A7000903AF8EE677AB7EE007A37EE877AD7ED9C
:104A8000076AC6EE877AFCEEE77A17EE902A7B6813
:104A90009A6008E07B6800221A607B6800225A60F6
:104AA0007B6800229A6000BF2437BD465DF8047B16
:104AB000704700BF004402580090D0030000004639
:104AC0000024744C0024744A20BCBE4B80B489B0CE
:104AD00000AF7860A14B9B6A03F00303BB619F4B5F
:104AE0009B6A1B0D03F03F037B619C4BDB6A1B0A37
:104AF00003F001033B61994B5B6CDB08C3F30C03D0
:104B00003A6902FB03F307EE903AF8EE677AC7EDD5
:104B1000037A7B69002B00F01181BB69022B00F046
:104B20008380BB69022B00F2A180BB69002B03D0FC
:104B3000BB69012B56D099E0884B1B6803F020031A
:104B4000002B2DD0854B1B68DB0803F00303844A40
:104B500022FA03F3BB60BB6807EE903AF8EE676A8F
:104B60007B6907EE903AF8EE677A86EEA77A7B4B80
:104B70001B6CC3F3080307EE903AF8EE676A97EDF3
:104B8000036ADFED785AC6EE257A76EEA77AF7EE5D
:104B9000006A77EEA67A67EE277AC7ED077A87E094
:104BA0007B6907EE903AF8EE677ADFED6F6A86EE82
:104BB000A77A6A4B1B6CC3F3080307EE903AF8EE32
:104BC000676A97ED036ADFED675AC6EE257A76EEDF
:104BD000A77AF7EE006A77EEA67A67EE277AC7ED36
:104BE000077A65E07B6907EE903AF8EE677ADFEDC9
:104BF0005F6A86EEA77A594B1B6CC3F3080307EE76
:104C0000903AF8EE676A97ED036ADFED565AC6EE02
:104C1000257A76EEA77AF7EE006A77EEA67A67EE47
:104C2000277AC7ED077A43E07B6907EE903AF8EE02
:104C3000677ADFED4F6A86EEA77A484B1B6CC3F3A9
:104C4000080307EE903AF8EE676A97ED036ADFED26
:104C5000455AC6EE257A76EEA77AF7EE006A77EE29
:104C6000A67A67EE277AC7ED077A21E07B6907EE1F
:104C7000903AF8EE677ADFED3D6A86EEA77A374B19
:104C80001B6CC3F3080307EE903AF8EE676A97EDE2
:104C9000036ADFED345AC6EE257A76EEA77AF7EE90
:104CA000006A77EEA67A67EE277AC7ED077A00BF2B
:104CB0002A4B1B6C5B0A03F07F0307EE903AF8EE79
:104CC000677AB7EE007A37EE877AD7ED076AC6EED5
:104CD000877AFCEEE77A17EE902A7B681A601F4B02
:104CE0001B6C1B0C03F07F0307EE903AF8EE677A1B
:104CF000B7EE007A37EE877AD7ED076AC6EE877A85
:104D0000FCEEE77A17EE902A7B685A60134B1B6C17
:104D10001B0E03F07F0307EE903AF8EE677AB7EECA
:104D2000007A37EE877AD7ED076AC6EE877AFCEE0F
:104D3000E77A17EE902A7B689A6008E07B68002289
:104D40001A607B6800225A607B6800229A6000BF6C
:104D50002437BD465DF8047B704700BF004402580D
:104D60000090D003000000460024744C0024744AD4
:104D700020BCBE4B80B489B000AF7860A04B9B6A6A
:104D800003F00303BB619E4B9B6A1B0903F03F03C7
:104D90007B619B4BDB6A03F001033B61984B5B6BD0
:104DA000DB08C3F30C033A6902FB03F307EE903A06
:104DB000F8EE677AC7ED037A7B69002B00F011816A
:104DC000BB69022B00F08380BB69022B00F2A1803B
:104DD000BB69002B03D0BB69012B56D099E0884BEF
:104DE0001B6803F02003002B2DD0854B1B68DB08CC
:104DF00003F00303834A22FA03F3BB60BB6807EEA8
:104E0000903AF8EE676A7B6907EE903AF8EE677AB7
:104E100086EEA77A7A4B1B6BC3F3080307EE903A32
:104E2000F8EE676A97ED036ADFED775AC6EE257AEA
:104E300076EEA77AF7EE006A77EEA67A67EE277A23
:104E4000C7ED077A87E07B6907EE903AF8EE677A5C
:104E5000DFED6E6A86EEA77A694B1B6BC3F308031E
:104E600007EE903AF8EE676A97ED036ADFED665A4F
:104E7000C6EE257A76EEA77AF7EE006A77EEA67A86
:104E800067EE277AC7ED077A65E07B6907EE903A0F
:104E9000F8EE677ADFED5E6A86EEA77A584B1B6BF9
:104EA000C3F3080307EE903AF8EE676A97ED036ADA
:104EB000DFED555AC6EE257A76EEA77AF7EE006A50
:104EC00077EEA67A67EE277AC7ED077A43E07B692B
:104ED00007EE903AF8EE677ADFED4E6A86EEA77A33
:104EE000474B1B6BC3F3080307EE903AF8EE676A73
:104EF00097ED036ADFED445AC6EE257A76EEA77A7F
:104F0000F7EE006A77EEA67A67EE277AC7ED077AA2
:104F100021E07B6907EE903AF8EE677ADFED3B6AB5
:104F200086EEA77A364B1B6BC3F3080307EE903A65
:104F3000F8EE676A97ED036ADFED335AC6EE257A1D
:104F400076EEA77AF7EE006A77EEA67A67EE277A12
:104F5000C7ED077A00BF2A4B1B6B5B0A03F07F0388
:104F600007EE903AF8EE677AB7EE007A37EE877A76
:104F7000D7ED076AC6EE877AFCEEE77A17EE902A3D
:104F80007B681A601E4B1B6B1B0C03F07F0307EE44
:104F9000903AF8EE677AB7EE007A37EE877AD7ED77
:104FA000076AC6EE877AFCEEE77A17EE902A7B68EE
:104FB0005A60134B1B6B1B0E03F07F0307EE903AF6
:104FC000F8EE677AB7EE007A37EE877AD7ED076AA0
:104FD000C6EE877AFCEEE77A17EE902A7B689A6035
:104FE00008E07B6800221A607B6800225A607B68B8
:104FF00000229A6000BF2437BD465DF8047B7047ED
:10500000004402580090D003000000460024744C75
:105010000024744A20BCBE4B80B584B000AF7860D9
:1050200039600023FB73534B9B6A03F00303032B8C
:1050300001D1012399E04F4B1B684E4A23F0806356
:105040001360FCF741FBB86008E0FCF73DFB02464B
:10505000BB68D31A022B01D9032386E0454B1B689A
:1050600003F00063002BF0D1424B9B6A23F47C32A7
:105070007B681B681B033F4913438B627B685B683B
:10508000013BC3F308027B689B68013B5B029BB258
:105090001A437B68DB68013B1B0403F4FE031A43DD
:1050A0007B681B69013B1B0603F0FE433149134338
:1050B0008B63304BDB6A23F0C0027B685B692D4950
:1050C0001343CB622B4BDB6A23F020027B689B6986
:1050D00028491343CB62274BDB6A264A23F010038F
:1050E000D362244BDA6B244B13407A68D269D20026
:1050F00020491343CB631F4BDB6A1E4A43F0100366
:10510000D3623B68002B06D11A4BDB6A194A43F481
:105110000023D3620FE03B68012B06D1154BDB6AFD
:10512000144A43F48013D36205E0124BDB6A114A40
:1051300043F40013D3620F4B1B680E4A43F08063A5
:105140001360FCF7C1FAB86008E0FCF7BDFA02464C
:10515000BB68D31A022B01D9032306E0054B1B6859
:1051600003F00063002BF0D0FB7B18461037BD46E0
:1051700080BD00BF004402580700FFFF80B584B027
:1051800000AF786039600023FB73534B9B6A03F0D8
:105190000303032B01D1012399E04F4B1B684E4AB7
:1051A00023F080531360FCF78FFAB86008E0FCF737
:1051B0008BFA0246BB68D31A022B01D9032386E07F
:1051C000454B1B6803F00053002BF0D1424B9B6A08
:1051D00023F07C727B681B681B053F4913438B627D
:1051E0007B685B68013BC3F308027B689B68013BFB
:1051F0005B029BB21A437B68DB68013B1B0403F430
:10520000FE031A437B681B69013B1B0603F0FE4348
:10521000314913430B64304BDB6A23F440627B68F3
:105220005B692D491343CB622B4BDB6A23F400727D
:105230007B689B6928491343CB62274BDB6A264A6C
:1052400023F48073D362244B5A6C244B13407A6846
:10525000D269D200204913434B641F4BDB6A1E4ABC
:1052600043F48073D3623B68002B06D11A4BDB6A90
:10527000194A43F48003D3620FE03B68012B06D147
:10528000154BDB6A144A43F40003D36205E0124B6A
:10529000DB6A114A43F08073D3620F4B1B680E4ADE
:1052A00043F080531360FCF70FFAB86008E0FCF796
:1052B0000BFA0246BB68D31A022B01D9032306E07E
:1052C000054B1B6803F00053002BF0D0FB7B184606
:1052D0001037BD4680BD00BF004402580700FFFFE5
:1052E00080B489B000AF786039600023FB61894BDE
:1052F0007B6194E13B681A680121FB6901FA03F3C1
:1053000013403B613B69002B00F086813B685B6882
:1053100003F00303012B05D03B685B6803F0030334
:10532000022B30D17B689B68BB61FB695B00032269
:1053300002FA03F3DB43BA691340BB613B68DA68E6
:10534000FB695B0002FA03F3BA691343BB617B6834
:10535000BA699A607B685B68BB610122FB6902FAEB
:1053600003F3DB43BA691340BB613B685B681B090D
:1053700003F00102FB6902FA03F3BA691343BB614C
:105380007B68BA695A603B685B6803F00303032BD0
:1053900017D07B68DB68BB61FB695B00032202FA04
:1053A00003F3DB43BA691340BB613B689A68FB694E
:1053B0005B0002FA03F3BA691343BB617B68BA6905
:1053C000DA603B685B6803F00303022B23D1FB69BF
:1053D000DA087B68083253F82230BB61FB6903F0BE
:1053E00007039B000F2202FA03F3DB43BA69134061
:1053F000BB613B681A69FB6903F007039B0002FA73
:1054000003F3BA691343BB61FB69DA087B680832AE
:10541000B96943F822107B681B68BB61FB695B00BC
:10542000032202FA03F3DB43BA691340BB613B6812
:105430005B6803F00302FB695B0002FA03F3BA69DD
:105440001343BB617B68BA691A603B685B6803F40D
:105450004033002B00F0E0802F4BD3F8F4302E4A7D
:1054600043F00203C2F8F4302B4BD3F8F43003F0CE
:105470000203FB60FB68294AFB699B08023352F870
:105480002330BB61FB6903F003039B000F2202FA88
:1054900003F3DB43BA691340BB617B68204A934244
:1054A00052D07B681F4A934231D07B681E4A934298
:1054B0002BD07B681D4A934225D07B681C4A9342BF
:1054C0001FD07B681B4A934219D07B681A4A9342CB
:1054D00013D07B68194A93420DD07B68184A9342D7
:1054E00007D07B68174A934201D109232DE00A2394
:1054F0002BE0082329E0072327E0062325E00523E6
:1055000023E0042321E003231FE002231DE0012305
:105510001BE000BF800000580044025800040058FF
:10552000000002580004025800080258000C0258FB
:10553000001002580014025800180258001C0258AB
:1055400000200258002402580023FA6902F00302E6
:1055500092009340BA691343BB613849FB699B08C9
:105560000233BA6941F823204FF0B0431B68BB6196
:105570003B69DB43BA691340BB613B685B6803F47A
:105580008013002B03D0BA693B691343BB614FF012
:10559000B042BB6913604FF0B0435B68BB613B69CD
:1055A000DB43BA691340BB613B685B6803F40013DB
:1055B000002B03D0BA693B691343BB614FF0B04283
:1055C000BB6953607B695B68BB613B69DB43BA695C
:1055D0001340BB613B685B6803F40033002B03D0CE
:1055E000BA693B691343BB617B69BA695A607B69DD
:1055F0001B68BB613B69DB43BA691340BB613B6815
:105600005B6803F48033002B03D0BA693B69134312
:10561000BB617B69BA691A60FB690133FB613B6856
:105620001A68FB6922FA03F3002B7FF463AE00BF14
:1056300000BF2437BD465DF8047B70470004005866
:1056400080B483B000AF78600B467B8013467B70DC
:105650007B78002B03D07A887B689A6103E07B8893
:105660001A047B689A6100BF0C37BD465DF8047B65
:10567000704780B485B000AF78600B467B807B6854
:105680005B69FB607A88FB6813401A04FB68D943A6
:105690007B880B401A437B689A6100BF1437BD4674
:1056A0005DF8047B7047000080B584B000AF78607F
:1056B000194BDB6803F00403042B0AD0164BDB689C
:1056C00003F007037A689A4201D001231FE0002308
:1056D0001DE0114BDB6823F007020F497B68134381
:1056E000CB60FBF7F1FFF86009E0FBF7EDFF024646
:1056F000FB68D31AB3F57A7F01D9012307E0064B83
:105700005B6803F40053B3F5005FEED10023184645
:105710001037BD4680BD00BF0048025880B582B03A
:1057200000AF78607B68002B01D1012342E07B68E9
:10573000D3F88830002B06D17B68002283F88420C0
:105740007868FBF7FFF87B682422C3F888207B6821
:105750001B681A687B681B6822F001021A607B686C
:105760009B6A002B02D0786800F0E6FE786800F0B3
:105770007BF90346012B01D101231BE07B681B68E9
:105780005A687B681B6822F490425A607B681B68E9
:105790009A687B681B6822F02A029A607B681B6803
:1057A0001A687B681B6842F001021A60786800F092
:1057B00065FF034618460837BD4680BD80B58AB0F0
:1057C00002AFF860B9603B601346FB80FB68D3F81A
:1057D0008830202B7BD1BB68002B02D0FB88002BAC
:1057E00001D1012374E0FB680022C3F89020FB681C
:1057F0002122C3F88820FBF767FF7861FB68FA88ED
:10580000A3F85420FB68FA88A3F85620FB689B682D
:10581000B3F5805F08D1FB681B69002B04D100231E
:10582000FB61BB68BB6103E0BB68FB610023BB613C
:1058300030E03B6800937B6900228021F86800F02B
:10584000C7FF0346002B05D0FB682022C3F8882041
:1058500003233DE0FB69002B0BD1BB691B881A4673
:10586000FB681B68C2F308029A62BB690233BB6122
:1058700007E0FB691A78FB681B689A62FB690133D1
:10588000FB61FB68B3F856309BB2013B9AB2FB68F0
:10589000A3F85620FB68B3F856309BB2002BC8D152
:1058A0003B6800937B6900224021F86800F090FF7C
:1058B0000346002B05D0FB682022C3F88820032371
:1058C00006E0FB682022C3F88820002300E00223C2
:1058D00018462037BD4680BD80B58AB002AFF8605B
:1058E000B9603B601346FB80FB68D3F88C30202BFB
:1058F00040F0B580BB68002B02D0FB88002B01D1A3
:105900000123ADE0FB680022C3F89020FB6822224F
:10591000C3F88C20FB680022DA66FBF7D5FE7861BD
:10592000FB68FA88A3F85C20FB68FA88A3F85E207D
:10593000FB689B68B3F5805F0ED1FB681B69002B89
:1059400005D1FB6840F2FF12A3F860202DE0FB6850
:10595000FF22A3F8602028E0FB689B68002B0DD194
:10596000FB681B69002B04D1FB68FF22A3F86020B1
:105970001BE0FB687F22A3F8602016E0FB689B68B1
:10598000B3F1805F0DD1FB681B69002B04D1FB686C
:105990007F22A3F8602008E0FB683F22A3F8602084
:1059A00003E0FB680022A3F86020FB68B3F86030D6
:1059B0007B82FB689B68B3F5805F08D1FB681B693D
:1059C000002B04D10023FB61BB68BB6103E0BB6813
:1059D000FB610023BB6136E03B6800937B690022DA
:1059E0002021F86800F0F4FE0346002B05D0FB6888
:1059F0002022C3F88C20032332E0FB69002B0CD15A
:105A0000FB681B685B6A9AB27B8A13409AB2BB69D7
:105A10001A80BB690233BB610CE0FB681B685B6AE0
:105A2000DAB27B8ADBB21340DAB2FB691A70FB6927
:105A30000133FB61FB68B3F85E309BB2013B9AB265
:105A4000FB68A3F85E20FB68B3F85E309BB2002BC6
:105A5000C2D1FB682022C3F88C20002300E002237F
:105A600018462037BD4680BD2DE9B04F92B000AF3B
:105A70007861002387F842307B699A687B691B69EB
:105A80001A437B695B691A437B69DB6913437B6457
:105A90007B691B681A68BE4B13407A691268796C7F
:105AA0000B4313607B691B685B6823F440517B697F
:105AB000DA687B691B680A435A607B699B697B646F
:105AC0007B691B68B34A934204D07B691B6A7A6C7A
:105AD00013437B647B691B689A68AF4B13407A69F8
:105AE0001268796C0B4393607B691B68DB6A23F057
:105AF0000F017B695A6A7B691B680A43DA627B691A
:105B00001B68A64A934277D1A54B5B6D03F038031F
:105B1000282B6DD801A252F823F000BFC15B00080A
:105B2000F15B0008F15B0008F15B0008F15B000825
:105B3000F15B0008F15B0008F15B0008C95B00083D
:105B4000F15B0008F15B0008F15B0008F15B000805
:105B5000F15B0008F15B0008F15B0008D15B000815
:105B6000F15B0008F15B0008F15B0008F15B0008E5
:105B7000F15B0008F15B0008F15B0008D95B0008ED
:105B8000F15B0008F15B0008F15B0008F15B0008C5
:105B9000F15B0008F15B0008F15B0008E15B0008C5
:105BA000F15B0008F15B0008F15B0008F15B0008A5
:105BB000F15B0008F15B0008F15B0008E95B00089D
:105BC000012387F8433022E2042387F843301EE2A2
:105BD000082387F843301AE2102387F8433016E28F
:105BE000202387F8433012E2402387F843300EE247
:105BF000802387F843300AE27B691B68694A934235
:105C000030D1674B5B6D03F00703052B26D801A24B
:105C100052F823F02D5C0008355C00083D5C00085C
:105C2000455C00084D5C0008555C0008002387F8BF
:105C30004330ECE1042387F84330E8E1082387F898
:105C40004330E4E1102387F84330E0E1202387F874
:105C50004330DCE1402387F84330D8E1802387F8E4
:105C60004330D4E17B691B684F4A934230D14C4B9F
:105C70005B6D03F00703052B26D801A252F823F031
:105C8000995C0008A15C0008A95C0008B15C0008F0
:105C9000B95C0008C15C0008002387F84330B6E116
:105CA000042387F84330B2E1082387F84330AEE19C
:105CB000102387F84330AAE1202387F84330A6E178
:105CC000402387F84330A2E1802387F843309EE1E8
:105CD0007B691B68354A934230D1314B5B6D03F0D1
:105CE0000703052B26D801A252F823F0055D000812
:105CF0000D5D0008155D00081D5D0008255D0008AC
:105D00002D5D0008002387F8433080E1042387F8E5
:105D100043307CE1082387F8433078E1102387F88B
:105D2000433074E1202387F8433070E1402387F843
:105D300043306CE1802387F8433068E17B691B685E
:105D40001B4A934242D1164B5B6D03F00703052BB0
:105D500038D801A252F823F0715D0008795D00087F
:105D6000815D0008895D0008B55D0008BD5D000823
:105D7000002387F843304AE1042387F8433046E1A3
:105D8000082387F8433042E1102387F843303EE18F
:105D9000F369FFCF000C0058FFF4FF110010014021
:105DA000004402580044004000480040004C0040BD
:105DB00000500040202387F8433028E1402387F833
:105DC000433024E1802387F8433020E17B691B685E
:105DD000CB4A934276D1CB4B5B6D03F03803282B33
:105DE0006CD801A252F823F08D5E0008BD5E000859
:105DF000BD5E0008BD5E0008BD5E0008BD5E000817
:105E0000BD5E0008BD5E0008955E0008BD5E00082E
:105E1000BD5E0008BD5E0008BD5E0008BD5E0008F6
:105E2000BD5E0008BD5E00089D5E0008BD5E000806
:105E3000BD5E0008BD5E0008BD5E0008BD5E0008D6
:105E4000BD5E0008BD5E0008A55E0008BD5E0008DE
:105E5000BD5E0008BD5E0008BD5E0008BD5E0008B6
:105E6000BD5E0008BD5E0008AD5E0008BD5E0008B6
:105E7000BD5E0008BD5E0008BD5E0008BD5E000896
:105E8000BD5E0008BD5E0008B55E0008012387F80E
:105E90004330BCE0042387F84330B8E0082387F898
:105EA0004330B4E0102387F84330B0E0202387F874
:105EB0004330ACE0402387F84330A8E0802387F8E4
:105EC0004330A4E07B691B688F4A934230D18D4BED
:105ED0005B6D03F00703052B26D801A252F823F0CF
:105EE000F95E0008015F0008095F0008115F000803
:105EF000195F0008215F0008002387F8433086E01F
:105F0000042387F8433082E0082387F843307EE09B
:105F1000102387F843307AE0202387F8433076E077
:105F2000402387F8433072E0802387F843306EE0E7
:105F30007B691B68754A934230D1724B5B6D03F0ED
:105F40000703052B26D801A252F823F0655F00084D
:105F50006D5F0008755F00087D5F0008855F0008C1
:105F60008D5F0008002387F8433050E0042387F852
:105F700043304CE0082387F8433048E0102387F88B
:105F8000433044E0202387F8433040E0402387F843
:105F900043303CE0802387F8433038E07B691B685E
:105FA0005B4A934230D1574B9B6D03F00703052B9F
:105FB00026D801A252F823F0D15F0008D95F00086B
:105FC000E15F0008E95F0008F15F0008F95F000881
:105FD000022387F843301AE0042387F8433016E0A1
:105FE000082387F8433012E0102387F843300EE08F
:105FF000202387F843300AE0402387F8433006E047
:10600000802387F8433002E0802387F843307B69A0
:106010001B683F4A934240F0F88097F84330202BAA
:1060200046DC022BC0F28280023B1E2B7ED801A2EE
:1060300052F823F0B76000082D610008BF60000827
:106040002D6100082D6100082D610008CF60000857
:106050002D6100082D6100082D6100082D610008E8
:106060002D6100082D6100082D610008DF60000827
:106070002D6100082D6100082D6100082D610008C8
:106080002D6100082D6100082D6100082D610008B8
:106090002D6100082D6100082D6100082D610008A8
:1060A0002D6100082D6100082D6100081F610008A6
:1060B000402B37D03AE0FEF79FFBF8633CE007F156
:1060C00024031846FEF7AEFBBB6AFB6334E007F11E
:1060D00018031846FEF7FAFCFB69FB632CE0094B3A
:1060E0001B6803F02003002B16D0064B1B68DB084F
:1060F00003F00303074A22FA03F3FB631CE000BF2B
:10610000001401400044025800780040007C004028
:10611000000C00580090D0039D4BFB630CE09D4B9E
:10612000FB6309E04FF40043FB6305E00023FB63DE
:10613000012387F8423000BFFB6B002B00F0DE81AB
:106140007B695B6A944A32F813301A46FB6BB3FBE7
:10615000F2F33B637B695A6813465B0013443A6B66
:106160009A4205D37B695B681B033A6B9A4203D959
:10617000012387F84230C1E1FB6B0022BB60FA606B
:106180007B695B6A844A32F813309BB200223B6021
:106190007A60D7E90023D7E90201F9F751FF0246F7
:1061A0000B46104619464FF000024FF000030B0259
:1061B00043EA1063020279694968490800200C46E5
:1061C000054612EB040843EB05097B695B68002276
:1061D0009A46934652465B4640464946F9F730FF99
:1061E00002460B461346BB63BB6BB3F5407F08D337
:1061F000BB6BB3F5801F04D27B691B68BA6BDA6096
:106200007CE1012387F8423078E17B69DB69B3F5F3
:10621000004F40F0C58097F84330202B48DC002B1E
:106220007BDB202B79D801A252F823F0B76200085B
:10623000BF6200081B6300081B630008C7620008F8
:106240001B6300081B6300081B630008D76200087B
:106250001B6300081B6300081B6300081B63000826
:106260001B6300081B6300081B630008E76200084B
:106270001B6300081B6300081B6300081B63000806
:106280001B6300081B6300081B6300081B630008F6
:106290001B6300081B6300081B6300081B630008E6
:1062A0001B6300081B6300081B6300080D630008E4
:1062B000402B2ED031E0FCF7E9FAF86333E0FCF72D
:1062C000FBFAF8632FE007F124031846FEF7AAFA59
:1062D000BB6AFB6327E007F118031846FEF7F6FBDD
:1062E000FB69FB631FE02D4B1B6803F02003002BB1
:1062F00009D02A4B1B68DB0803F00303244A22FA67
:1063000003F3FB630FE0224BFB630CE0214BFB63C9
:1063100009E04FF40043FB6305E00023FB63012326
:1063200087F8423000BFFB6B002B00F0E7807B69F1
:106330005B6A194A32F813301A46FB6BB3FBF2F36F
:106340005A007B695B685B081A447B695B68B2FB37
:10635000F3F3BB63BB6B0F2B16D9BB6BB3F5803F5D
:1063600012D2BB6B9BB223F00F03FB86BB6B5B08A7
:106370009BB203F007039AB2FB8E1343FB867B6943
:106380001B68FA8EDA60B9E0012387F84230B5E085
:106390000090D00300093D00B8C000080044025836
:1063A00097F84330202B49DC002B7CDB202B7AD85C
:1063B00001A252F823F000BF436400084B640008B8
:1063C000A7640008A764000853640008A7640008D5
:1063D000A7640008A764000863640008A7640008B5
:1063E000A7640008A7640008A7640008A764000861
:1063F000A7640008A764000873640008A764000885
:10640000A7640008A7640008A7640008A764000840
:10641000A7640008A7640008A7640008A764000830
:10642000A7640008A7640008A7640008A764000820
:10643000A7640008A764000899640008402B2ED0C8
:1064400031E0FCF723FAF86333E0FCF735FAF86340
:106450002FE007F124031846FEF7E4F9BB6AFB635B
:1064600027E007F118031846FEF730FBFB69FB63D2
:106470001FE02D4B1B6803F02003002B09D02A4B93
:106480001B68DB0803F00303284A22FA03F3FB63CB
:106490000FE0264BFB630CE0254BFB6309E04FF458
:1064A0000043FB6305E00023FB63012387F84230D0
:1064B00000BFFB6B002B21D07B695B6A1D4A32F861
:1064C00013301A46FB6BB3FBF2F27B695B685B0827
:1064D0001A447B695B68B2FBF3F3BB63BB6B0F2BA6
:1064E00009D9BB6BB3F5803F05D2BB6B9AB27B6910
:1064F0001B68DA6002E0012387F842307B690122E1
:10650000A3F86A207B690122A3F868207B69002236
:106510005A677B6900229A6797F8423018464837D5
:10652000BD46BDE8B08F00BF004402580090D003C4
:1065300000093D00B8C0000880B483B000AF7860A7
:106540007B689B6A03F00803002B0AD07B681B68FA
:106550005B6823F400417B689A6B7B681B680A4385
:106560005A607B689B6A03F00103002B0AD07B68AA
:106570001B685B6823F400317B68DA6A7B681B6800
:106580000A435A607B689B6A03F00203002B0AD01F
:106590007B681B685B6823F480317B681A6B7B68BF
:1065A0001B680A435A607B689B6A03F00403002B54
:1065B0000AD07B681B685B6823F480217B685A6B78
:1065C0007B681B680A435A607B689B6A03F0100370
:1065D000002B0AD07B681B689B6823F480517B6882
:1065E000DA6B7B681B680A439A607B689B6A03F0DE
:1065F0002003002B0AD07B681B689B6823F40051A2
:106600007B681A6C7B681B680A439A607B689B6A8C
:1066100003F04003002B1AD07B681B685B6823F4EF
:1066200080117B685A6C7B681B680A435A607B68E0
:106630005B6CB3F5801F0AD17B681B685B6823F431
:10664000C0017B689A6C7B681B680A435A607B6850
:106650009B6A03F08003002B0AD07B681B685B6891
:1066600023F400217B68DA6C7B681B680A435A605C
:1066700000BF0C37BD465DF8047B704780B598B00D
:1066800002AF78607B680022C3F89020FBF71CF80B
:1066900078657B681B681B6803F00803082B2FD103
:1066A0006FF07E4300937B6D00224FF400117868F9
:1066B00000F08EF80346002B22D07B681B68BB637A
:1066C000BB6B53E8003F7B637B6B23F080033B6530
:1066D0007B681B681A463B6D7B643A64396C7A6C44
:1066E00041E80023FB63FB6B002BE6D17B68202293
:1066F000C3F888207B68002283F88420032363E0AA
:106700007B681B681B6803F00403042B49D16FF0FE
:106710007E4300937B6D00224FF48001786800F087
:1067200057F80346002B3CD07B681B687B627B6A72
:1067300053E8003F3B623B6A23F49073FB647B6841
:106740001B681A46FB6C3B63FA62F96A3A6B41E8D4
:106750000023BB62BB6A002BE6D17B681B68083351
:106760003B613B6953E8003FFB60FB6823F001039A
:10677000BB647B681B680833BA6CFA61BB61B9699A
:10678000FA6941E800237B617B69002BE5D17B68D6
:106790002022C3F88C207B68002283F88420032306
:1067A00012E07B682022C3F888207B682022C3F88F
:1067B0008C207B680022DA667B6800221A677B687F
:1067C000002283F88420002318465837BD4680BD38
:1067D00080B584B000AFF860B9603B601346FB71D0
:1067E0004FE0BB69B3F1FF3F4BD0FAF76DFF0246B4
:1067F0003B68D31ABA699A4202D3BB69002B01D114
:1068000003234EE0FB681B681B6803F00403002BA6
:1068100037D0BB68802B34D0BB68402B31D0FB68AD
:106820001B68DB6903F00803082B10D1FB681B68A9
:1068300008221A62F86800F039F8FB680822C3F8E9
:106840009020FB68002283F88420012329E0FB6864
:106850001B68DB6903F40063B3F5006F11D1FB68BB
:106860001B684FF400621A62F86800F01FF8FB68BA
:106870002022C3F89020FB68002283F884200323A1
:106880000FE0FB681B68DA69BB681340BA689A427C
:106890000CBF01230023DBB21A46FB799A42A0D039
:1068A000002318461037BD4680BD000080B495B067
:1068B00000AF78607B681B687B637B6B53E8003FAD
:1068C0003B633B6B23F49073FB647B681B681A4645
:1068D000FB6C3B64FA63F96B3A6C41E80023BB63E1
:1068E000BB6B002BE6D17B681B6808333B623B6ABD
:1068F00053E8003FFB61FA691E4B1340BB647B68A1
:106900001B680833BA6CFA62BB62B96AFA6A41E87A
:1069100000237B627B6A002BE5D17B68DB6E012B59
:1069200018D17B681B68FB60FB6853E8003FBB60C5
:10693000BB6823F010037B647B681B681A467B6C82
:10694000BB617A617969BA6941E800233B613B69BF
:10695000002BE6D17B682022C3F88C207B680022C4
:10696000DA667B6800225A6700BF5437BD465DF87F
:10697000047B7047FEFFFFEF80B584B000AF786006
:106980007B68002B01D101230FE17B6800229A6212
:106990007B681B68874A93420FD07B681B68864AD6
:1069A00093420AD07B681B68844A934205D07B6877
:1069B000DB680F2B01D90123F7E0786800F012FCA7
:1069C000F8607B681B687B4A93420CD07B681B682D
:1069D000794A934207D07B681B68784A934202D079
:1069E000FB68082B11D87B681B68724A934209D058
:1069F0007B681B68704A934204D07B681B686F4AAF
:106A0000934204D1FB68102B01D90123CDE07B68B0
:106A100093F88130DBB2002B06D17B68002283F82B
:106A200080207868FAF700F87B68022283F88120DA
:106A30007B681B681A687B681B6822F001021A6079
:106A40007B681B689B6803F4F813BB607B689B69D9
:106A5000B3F1806F19D17B685B68B3F5800F03D108
:106A60007B689B6B002B08D07B685B68002B0CD18C
:106A70007B689B6BB3F1805F07D17B681B681A68EA
:106A80007B681B6842F480521A607B685B6803F481
:106A90008003002B0FD07B68DB68062B0BD97B684B
:106AA0001B681B6823F480717B681A6D7B681B6808
:106AB0000A431A6007E07B681B681A687B681B68DA
:106AC00022F480721A607B68DA697B689B6A1A43D9
:106AD000BB681A437B68DB6B42EA03017B68DA68B8
:106AE0007B681B680A439A607B685A6B7B685B6AA9
:106AF0001A437B689B6B1A437B689B691A437B68CC
:106B00001B691A437B685B691A437B681B6A1A43DB
:106B10007B685B681A437B68DB6C1A437B689B6805
:106B20001A437B689B6C42EA03017B689A6D7B6821
:106B30001B680A43DA607B685B68002B13D17B68B3
:106B40001B689B6823F4C0527B681B6842F4006298
:106B50009A607B681B689B6823F4C0627B681B6833
:106B600042F480629A607B681B681A6D7B681B68C0
:106B700022F001021A657B685B6803F48003002B36
:106B80000AD07B681B68DB6823F000417B685A6D84
:106B90007B681B680A43DA607B680022C3F88420A4
:106BA0007B68012283F88120002318461037BD46F8
:106BB00080BD00BF0030014000380040003C004074
:106BC00080B588B000AFF860B9603B601346FB80C9
:106BD000FB68DB6B5B099BB20133FB83FB681B68C3
:106BE0003033BB61FAF770FD7861FB6893F8813050
:106BF000DBB2012B01D0022350E2BB68002B02D094
:106C0000FB88002B01D1012348E2FB6893F8803018
:106C1000012B01D1022341E2FB68012283F880208D
:106C2000FB68042283F88120FB680022C3F88420DB
:106C3000FB68BA685A66FB68FA88A3F86820FB68A4
:106C4000FA88A3F86A20FB680022DA65FB68002254
:106C5000A3F86020FB680022A3F86220FB680022F2
:106C60001A67FB6800225A67FB689B68B3F5C02F60
:106C700008D1FB681B681A68FB681B6822F4006275
:106C80001A6009E0FB681B68DB6823F4C022FB681C
:106C90001B6842F48022DA60FB681B685A68954BD7
:106CA0001340F988FA6812680B435360FB681B684D
:106CB0001A68FB681B6842F001021A60FB685B6897
:106CC000B3F5800F07D1FB681B681A68FB681B6867
:106CD00042F400721A60FB68DB680F2B6CD964E029
:106CE000FB681B685B693B61FB681B685B6903F0C1
:106CF0000103012B14D1FB681A68FB685B6E126BF1
:106D00001A60FB685B6E1A1DFB685A66FB68B3F875
:106D10006A309BB2013B9AB2FB68A3F86A2044E058
:106D2000FB68B3F86A309BB2FA8B9A4219D93B6977
:106D300003F40043002B14D0FB681A68FB685B6EF9
:106D4000126B1A60FB685B6E1A1DFB685A66FB6863
:106D5000B3F86A309BB2013B9AB2FB68A3F86A2091
:106D600023E0FAF7B1FC02467B69D31A3A689A42EB
:106D700003D83B68B3F1FF3F02D13B68002B14D12D
:106D8000F86800F08FF9FB68D3F8843043F4807220
:106D9000FB68C3F88420FB68012283F88120FB682C
:106DA000002283F88020032378E1FB68B3F86A307F
:106DB0009BB2002B94D15EE1FB68DB68072B40F2AD
:106DC00053818FE0FB681B685B693B61FB681B6854
:106DD0005B6903F00103012B14D1FB685B6EBA6998
:106DE000128892B21A80FB685B6E9A1CFB685A6626
:106DF000FB68B3F86A309BB2013B9AB2FB68A3F818
:106E00006A206FE0FB68B3F86A309BB2FA8B9A4253
:106E100024D93B6903F40043002B1FD0FB685B6E51
:106E2000BA69128892B21A80FB685B6E9A1CFB6882
:106E30005A66FB685B6EBA69128892B21A80FB6868
:106E40005B6E9A1CFB685A66FB68B3F86A309BB2AB
:106E5000023B9AB2FB68A3F86A2043E0FB68B3F8F0
:106E60006A309BB2012B19D13B6903F40053002B0C
:106E700014D0FB685B6EBA69128892B21A80FB6804
:106E80005B6E9A1CFB685A66FB68B3F86A309BB26B
:106E9000013B9AB2FB68A3F86A2023E0FAF714FCDE
:106EA00002467B69D31A3A689A4203D83B68B3F129
:106EB000FF3F02D13B68002B14D1F86800F0F2F8D4
:106EC000FB68D3F8843043F48072FB68C3F88420F5
:106ED000FB68012283F88120FB68002283F8802070
:106EE0000323DBE0FB68B3F86A309BB2002B7FF42E
:106EF00069AFC0E00000FFFFFB681B685B693B6196
:106F0000FB681B685B6903F00103012B17D1FB6869
:106F10001B6803F13002FB685B6E1278D2B21A7004
:106F2000FB685B6E5A1CFB685A66FB68B3F86A30F4
:106F30009BB2013B9AB2FB68A3F86A2094E0FB681D
:106F4000B3F86A309BB2FA8B9A4246D93B6903F494
:106F50000043002B41D0FB681B6803F13002FB6843
:106F60005B6E1278D2B21A70FB685B6E5A1CFB68BB
:106F70005A66FB681B6803F13002FB685B6E12788F
:106F8000D2B21A70FB685B6E5A1CFB685A66FB68CB
:106F90001B6803F13002FB685B6E1278D2B21A7084
:106FA000FB685B6E5A1CFB685A66FB681B6803F142
:106FB0003002FB685B6E1278D2B21A70FB685B6EAF
:106FC0005A1CFB685A66FB68B3F86A309BB2043BF4
:106FD0009AB2FB68A3F86A2046E0FB68B3F86A300F
:106FE0009BB2032B1CD83B6903F4C043002B17D082
:106FF000FB681B6803F13002FB685B6E1278D2B24B
:107000001A70FB685B6E5A1CFB685A66FB68B3F823
:107010006A309BB2013B9AB2FB68A3F86A2023E076
:10702000FAF752FB02467B69D31A3A689A4203D8B0
:107030003B68B3F1FF3F02D13B68002B14D1F868E5
:1070400000F030F8FB68D3F8843043F48072FB68BA
:10705000C3F88420FB68012283F88120FB680022AA
:1070600083F88020032319E0FB68B3F86A309BB2F1
:10707000002B7FF441AFF86800F014F8FB680122A0
:1070800083F88120FB68002283F88020FB68D3F816
:107090008430002B01D0012300E000231846203764
:1070A000BD4680BD80B485B000AF78607B681B684A
:1070B0005B69FB607B681B689A697B681B6842F0B0
:1070C00008029A617B681B689A697B681B6842F0BA
:1070D00010029A617B681B681A687B681B6822F043
:1070E00001021A607B681B6819697B681A683C4B4F
:1070F0000B4013617B681B689A687B681B6822F4ED
:1071000040429A607B6893F88130DBB2042B14D044
:10711000FB6803F02003002B0FD07B68D3F884308A
:1071200043F080027B68C3F884207B681B689A69FF
:107130007B681B6842F020029A617B6893F881307B
:10714000DBB2032B14D0FB6803F04003002B0FD0FD
:107150007B68D3F8843043F004027B68C3F8842052
:107160007B681B689A697B681B6842F040029A61E1
:10717000FB6803F40073002B0FD07B68D3F88430D6
:1071800043F001027B68C3F884207B681B689A691E
:107190007B681B6842F400729A61FB6803F4807399
:1071A000002B0FD07B68D3F8843043F008027B6853
:1071B000C3F884207B681B689A697B681B6842F46B
:1071C00080729A617B680022A3F862207B680022AB
:1071D000A3F86A2000BF1437BD465DF8047B7047F2
:1071E00090FCFFFF80B485B000AF78607B68DB6BFC
:1071F0005B090133FB607B68DB680133BB60BB6804
:107200000733DB08BB60BB68FA6802FB03F3184670
:107210001437BD465DF8047B7047000080B588B028
:1072200000AF78607B68002B01D101230DE17B6802
:1072300093F84D30DBB2002B06D17B68002283F837
:107240004C207868F9F780FC7B68022283F84D2097
:107250007B681B681B6803F00103012B07D17B6867
:107260001B681A687B681B6822F001021A607B6841
:107270001B6800221A657B685B68042B08D07B685A
:107280005B68062B04D07B685B680A2B40F0878024
:107290007B685B69022B5AD07B68DB68002B02D0CD
:1072A00002237B6101E001237B617B689B68302BBB
:1072B00003D07B689B68B02B02D10123FB6001E007
:1072C0000023FB604FF480504FF00001FCF714FDE9
:1072D000B8607B681B69B3F1007F13D14FF48072F3
:1072E000FB6822FA03F3BA68B2FBF3F213469B0081
:1072F00013445B001A467B685B69B2FBF3F305330A
:107300003B6114E02022FB6822FA03F37A6902FB56
:1073100003F3BA68B2FBF3F213469B0013445B001D
:107320001A467B685B69B2FBF3F305333B613B694B
:10733000484AA2FB0323DB083B613B6903F00103DE
:10734000BB613A69BB69D31A5B08FB6103E00223A6
:10735000FB610023BB61BB69012B02D1FB69012BDF
:1073600002D0FB69FF2B07D97B681B6D43F010022D
:107370007B681A65012368E0FB69002B01D10123BA
:10738000BB617B681B681A6D334B1340FA691104AB
:10739000BA69120611437A6812680B4313657B6859
:1073A0001B681A6D2D4B13407A6851687A68926891
:1073B00011437A68D26811437A68926911437A68F6
:1073C000126A11437A68526A11437A6812690A4351
:1073D0001A437B681B6842F001021A657B681B68D0
:1073E00040F6F8729A617B681B681A687B681B68B4
:1073F00022F480321A607B681B68DB6823F400018A
:107400007B68DA697B681B680A43DA607B685B68C3
:10741000042B07D07B685B68062B03D07B685B6816
:107420000A2B0AD17B681B68DB6823F000417B686C
:107430009A6A7B681B680A43DA607B6800221A65D7
:107440007B68012283F84D20002318462037BD4673
:1074500080BD00BFCDCCCCCCFFFF00FE4090FFFD37
:1074600080B582B000AF78607B68002B01D101232A
:107470008BE07B6893F84130DBB2002B06D17B6850
:10748000002283F840207868F9F7ECFB7B6824221F
:1074900083F841207B681B681A687B681B6822F0B0
:1074A00001021A607B685A687B681B6822F0706270
:1074B0001A617B681B689A687B681B6822F400422B
:1074C0009A607B68DB68012B07D17B689A687B68D0
:1074D0001B6842F400429A6006E07B689A687B6809
:1074E0001B6842F404429A607B68DB68022B08D177
:1074F0007B681B685A687B681B6842F400625A60AC
:1075000007E07B681B685A687B681B6822F400628E
:107510005A607B681B6859687B681A681D4B0B436F
:1075200053607B681B68DA687B681B6822F4004242
:10753000DA607B681A697B685B6942EA03017B68F1
:107540009B691A027B681B680A43DA607B68D96909
:107550007B681A6A7B681B680A431A607B681B6831
:107560001A687B681B6842F001021A607B6800227F
:107570005A647B68202283F841207B6800221A63CA
:107580007B68002283F84220002318460837BD4656
:1075900080BD00BF0080000280B588B002AFF860F7
:1075A0007A601A460B467B8113463B81FB6893F851
:1075B0004130DBB2202B40F0FD80FB6893F8403077
:1075C000012B01D10223F6E0FB68012283F8402061
:1075D000FAF77AF838613B690093192301224FF4D6
:1075E0000041F86800F014F90346002B01D0012394
:1075F000E1E0FB68212283F84120FB68102283F838
:107600004220FB6800225A64FB687A685A62FB6871
:107610003A895A85FB6800225A63FB685B8D9BB2EE
:10762000FF2B06D9FB68FF221A854FF080737B6120
:1076300007E0FB685B8D9AB2FB681A854FF0007318
:107640007B61FB681B8D002B24D0FB685B6A1A787A
:10765000FB681B689A62FB685B6A5A1CFB685A628B
:10766000FB685B8D9BB2013B9AB2FB685A85FB6855
:107670001B8D013B9AB2FB681A85FB681B8DDBB240
:107680000133DAB279894E4B00937B69F86800F0D8
:1076900083FA66E0FB681B8DDAB27989484B009368
:1076A0007B69F86800F078FA5BE03A69396AF86853
:1076B00000F007F90346002B01D001237BE0FB68B3
:1076C0005B6A1A78FB681B689A62FB685B6A5A1CE3
:1076D000FB685A62FB685B8D9BB2013B9AB2FB6808
:1076E0005A85FB681B8D013B9AB2FB681A85FB68C3
:1076F0005B8D9BB2002B34D0FB681B8D002B30D1EF
:107700003B6900933B6A00228021F86800F080F812
:107710000346002B01D001234DE0FB685B8D9BB23B
:10772000FF2B0ED9FB68FF221A85FB681B8DDAB28E
:107730007989002300934FF08073F86800F02CFAE9
:107740000FE0FB685B8D9AB2FB681A85FB681B8DA6
:10775000DAB27989002300934FF00073F86800F0E3
:107760001BFAFB685B8D9BB2002B9ED13A69396A8C
:10777000F86800F0EDF80346002B01D001231AE071
:10778000FB681B682022DA61FB681B685968FB688C
:107790001A680C4B0B405360FB68202283F8412091
:1077A000FB68002283F84220FB68002283F8402017
:1077B000002300E0022318461837BD4680BD00BFF5
:1077C0000020008000E800FE80B483B000AF786045
:1077D0007B681B689B6903F00203022B03D17B6863
:1077E0001B6800229A627B681B689B6903F0010397
:1077F000012B07D07B681B689A697B681B6842F085
:1078000001029A6100BF0C37BD465DF8047B7047EA
:1078100080B584B000AFF860B9603B601346FB717F
:107820003BE0BA693968F86800F0D6F80346002BE7
:1078300001D0012341E03B68B3F1FF3F2DD0F9F7C0
:1078400043FF0246BB69D31A3A689A4202D33B68A7
:10785000002B22D1FB681B689A69BB681340BA6889
:107860009A420CBF01230023DBB21A46FB799A42ED
:1078700013D1FB685B6C43F02002FB685A64FB6821
:10788000202283F84120FB68002283F84220FB6815
:10789000002283F8402001230FE0FB681B689A69EF
:1078A000BB681340BA689A420CBF01230023DBB2C5
:1078B0001A46FB799A42B4D0002318461037BD46C9
:1078C00080BD80B584B000AFF860B9607A6033E005
:1078D0007A68B968F86800F07FF80346002B01D099
:1078E000012331E0BB68B3F1FF3F25D0F9F7ECFE8F
:1078F00002467B68D31ABA689A4202D3BB68002B4F
:107900001AD1FB681B689B6903F00203022B13D09A
:10791000FB685B6C43F02002FB685A64FB68202222
:1079200083F84120FB68002283F84220FB68002294
:1079300083F84020012307E0FB681B689B6903F084
:107940000203022BC4D1002318461037BD4680BD68
:1079500080B584B000AFF860B9607A602FE07A68D3
:10796000B968F86800F038F80346002B01D001230D
:107970002DE0F9F7A9FE02467B68D31ABA689A424D
:1079800002D3BB68002B1AD1FB681B689B6903F00C
:107990002003202B13D0FB685B6C43F02002FB68B4
:1079A0005A64FB68202283F84120FB68002283F898
:1079B0004220FB68002283F84020012307E0FB6897
:1079C0001B689B6903F02003202BC8D100231846B5
:1079D0001037BD4680BD000080B58AB000AFF860AA
:1079E000B9607A60002387F82730FB681B689B69C1
:1079F000BB6100233B627B68FB61BB6903F0100342
:107A0000002B68D0FB681B681022DA6149E0BB6874
:107A1000B3F1FF3F45D0F9F757FE0246FB69D31A91
:107A2000BA689A4202D3BB68002B3AD1FB681B6844
:107A30005B6803F480437B61FB6893F84230FB741E
:107A4000FB681B689B6903F40043B3F5004F21D129
:107A50007B69B3F5804F1DD0FB7C202B1AD0FB68CF
:107A60001B685A68FB681B6842F480425A60F9F749
:107A70002BFEF8610EE0F9F727FE0246FB69D31AE8
:107A8000192B07D93B6A43F020033B62012387F897
:107A9000273006E0FB681B689B6903F02003202B5E
:107AA000E9D1FB681B689B6903F02003202B03D0FE
:107AB00097F82730002BAAD097F82730002B03D156
:107AC000FB681B682022DA613B6A43F004033B62D7
:107AD000012387F82730FB681B689B69BB61BB6982
:107AE00003F48073002B0BD03B6A43F001033B622D
:107AF000FB681B684FF48072DA61012387F8273036
:107B0000BB6903F48063002B0BD03B6A43F008038E
:107B10003B62FB681B684FF48062DA61012387F8DF
:107B20002730BB6903F40073002B0BD03B6A43F092
:107B300002033B62FB681B684FF40072DA610123A9
:107B400087F8273097F82730002B1CD0F868FFF70C
:107B50003BFEFB681B685968FB681A680D4B0B40BD
:107B60005360FB685A6C3B6A1A43FB685A64FB68B3
:107B7000202283F84120FB68002283F84220FB6822
:107B8000002283F8402097F8273018462837BD4652
:107B900080BD00BF00E800FE80B487B000AFF86091
:107BA0007B600B467B8113467B727B89C3F30902A2
:107BB0007B7A1B0403F47F031A437B681A433B6AF6
:107BC000134323F000437B61FB681B685A683B6AE0
:107BD0005B0D03F48061084B0B43DB4302EA0301B6
:107BE000FB681B687A690A435A6000BF1C37BD46B0
:107BF0005DF8047B704700BFFF63FF0380B483B070
:107C000000AF786039607B689B6823F47C123B6826
:107C10001A437B689A6000BF0C37BD465DF8047B51
:107C2000704780B483B000AF786039607B689B6830
:107C300023F0E0723B681A437B689A6000BF0C3700
:107C4000BD465DF8047B704780B483B000AF7860B8
:107C50007B689B6803F0E07318460C37BD465DF8FF
:107C6000047B704780B487B000AF786039603B68B0
:107C7000C3F31303002B07D13B689B0E03F01F03D4
:107C8000012202FA03F315E03B683B613B6993FA7A
:107C9000A3F3FB60FB687B617B69002B01D1202390
:107CA00003E07B69B3FA83F3DBB203F01F03012225
:107CB00002FA03F37A68D2691A437B68DA6100BF7B
:107CC0001C37BD465DF8047B704780B487B000AFB9
:107CD000F860B9607A603B60FB6860331A46BB6845
:107CE0009B0013447B617B691B6803F000427B6847
:107CF00003F0F8413B680B431A437B691A6000BFED
:107D00001C37BD465DF8047B704780B485B000AF7A
:107D1000F860B9607A60FB681B6923F4F042BB68C5
:107D200003F01F03796801FA03F31A43FB681A6131
:107D300000BF1437BD465DF8047B704780B487B040
:107D400000AFF860B9607A60FB6860331A46BB68C0
:107D50009B0013447B617B691B6823F000427B68B6
:107D60001A437B691A6000BF1C37BD465DF8047B6F
:107D7000704780B487B000AFF860B9607A60FB6884
:107D800030331A46BB681B0A9B0003F00C031344F4
:107D90007B617B691A68BB6803F01F031F2101FA2E
:107DA00003F3DB431A407B689B0E03F01F01BB68A3
:107DB00003F01F0301FA03F31A437B691A6000BF43
:107DC0001C37BD465DF8047B704780B487B000AFB8
:107DD000F860B9607A60FB6814331A46BB685B0EC2
:107DE0009B0003F0040313447B617B691A68BB6842
:107DF0001B0D03F01F03072101FA03F3DB431A40B5
:107E0000BB681B0D03F01F03796801FA03F31A43E3
:107E10007B691A6000BF1C37BD465DF8047B704764
:107E200080B485B000AFF860B9607A60FB68D3F8C1
:107E3000C020BB68C3F31303DB431A407B6803F025
:107E400018030849D940BB680B40C3F313031A4316
:107E5000FB68C3F8C02000BF1437BD465DF8047B43
:107E6000704700BFFFFF0F0080B483B000AF7860A1
:107E70007B689A68044B13407A68936000BF0C37A4
:107E8000BD465DF8047B7047C0FFFF5F80B483B0E0
:107E900000AF78607B689B6803F00053B3F1005F2C
:107EA00001D1012300E0002318460C37BD465DF8E0
:107EB000047B704780B483B000AF78607B689A68B9
:107EC000054B134043F080527B689A6000BF0C372B
:107ED000BD465DF8047B7047C0FFFF6F80B483B080
:107EE00000AF78607B689B6803F08053B3F1805FDC
:107EF00001D1012300E0002318460C37BD465DF890
:107F0000047B704780B483B000AF78607B689B6867
:107F100003F00103012B01D1012300E000231846E7
:107F20000C37BD465DF8047B704780B483B000AF6A
:107F300078607B689B6803F00403042B01D1012364
:107F400000E0002318460C37BD465DF8047B7047FF
:107F500080B483B000AF78607B689B6803F008034F
:107F6000082B01D1012300E0002318460C37BD4641
:107F70005DF8047B7047000090B589B000AF786071
:107F80000023FB770023BB607B68002B01D101231A
:107F90008FE17B68DB68002B7B685B6D002B09D170
:107FA0007868F8F7C9FE7B6800229A657B68002232
:107FB00083F850207B681B681846FFF767FF03466D
:107FC000002B04D07B681B681846FFF74DFF7B68C9
:107FD0001B681846FFF782FF0346002B14D17B680D
:107FE0001B681846FFF766FF874B1B689B09874A8B
:107FF000A2FB03239B090133BB6002E0BB68013B8A
:10800000BB60BB68002BF9D17B681B681846FFF783
:1080100065FF0346002B0DD17B685B6D43F01002BA
:108020007B685A657B689B6D43F001027B689A65AB
:108030000123FB777B681B681846FFF776FF7861A2
:108040007B685B6D03F01003002B40F029817B6996
:10805000002B40F025817B685B6D23F4817343F036
:1080600002027B685A657B681B681846FFF74AFF67
:108070000346002B36D17B681B68654A934204D0C7
:108080007B681B68634A93420ED16148FFF73AFF51
:1080900004466048FFF736FF03462343002B0CBF1E
:1080A00001230023DBB208E05B48FFF72BFF034608
:1080B000002B0CBF01230023DBB2002B12D07B6806
:1080C0001B68534A934204D07B681B68514A934211
:1080D00001D1524A00E0524A7B685B68194610465B
:1080E000FFF78CFDF9F7FCFA034641F203029342D5
:1080F00014D97B689B68102B10D17B685B7D5A0379
:108100007B681B6B1A437B689B681A437B681B7FE9
:108110001B04134343F00C03BB610DE07B685B7DE4
:108120005A037B681B6B1A437B689B681A437B6806
:108130001B7F1B041343BB617B681B7F012B06D194
:108140007B681B6A013B5B04BA691343BB617B68B4
:108150005B6A002B09D07B685B6A03F478727B68EA
:108160009B6A1343BA691343BB617B681B68DA6877
:108170002C4B13407A681268B9690B43D3607B6853
:108180001B681846FFF7D1FE38617B681B681846EC
:10819000FFF7DEFEF8603B69002B5FD1FB68002B28
:1081A0005CD17B681B7D9A037B68DB6A1343BB61F0
:1081B0007B681B68DA681C4B13407A681268B969DF
:1081C0000B43D3607B6893F83830012B30D17B6848
:1081D0005B6A002B7B681B681A69144B13407A6832
:1081E000D26B013A11047A68126C11437A68526CAE
:1081F00011437A68926C0A431A437B681B6842F009
:1082000001021A611CE000BF64000024632D3E05DA
:10821000002002400021024000600258002302407A
:108220000063025803C0F0FFFCBFFFFF1EF800FC14
:108230007B681B681A697B681B6822F001021A615F
:108240007B681B681B6923F070417B685A6B7B68F5
:108250001B680A431A61786800F020FB7B68DB68C2
:10826000012B0CD17B681B681B6B23F00F017B6813
:108270009B695A1E7B681B680A431A6307E07B6888
:108280001B681A6B7B681B6822F00F021A637B68FD
:108290005B6D23F0030343F001027B685A6507E03E
:1082A0007B685B6D43F010027B685A650123FB77A6
:1082B000FB7F18462437BD4690BD00BF90B58DB0FA
:1082C00000AF78603960002387F82F300023FB600F
:1082D0003B68DB68654A93427B6893F85030012B1A
:1082E00001D10223C7E27B68012283F850207B681A
:1082F0001B681846FFF719FE0346002B40F0AC82BE
:108300003B681B68002B2CDB3B681B68C3F3130323
:10831000002B08D13B681B689B0E03F01F03012252
:1083200002FA03F316E03B681B687B617B6993FAF2
:10833000A3F33B613B69BB61BB69002B01D12023E7
:1083400003E0BB69B3FA83F3DBB203F01F0301223E
:1083500002FA03F37A681268D1697A6812680B43EB
:10836000D3617B6818683B6859683B681B681A468C
:10837000FFF7FFFC7B681B681846FFF7D6FDB86265
:108380007B681B681846FFF7E3FD7862BB6A002B29
:1083900040F0B8807B6A002B40F0B4807B6818689E
:1083A0003B6819683B689B681A46FFF70EFD304B27
:1083B0001B6803F07043B3F1805F0BD13B685A69CF
:1083C0007B681B68DB689B0803F007035B0002FA0D
:1083D00003F31DE07B681B68DB6803F01003002BD0
:1083E0000BD13B685A697B681B68DB689B0803F00C
:1083F00007035B0002FA03F30AE03B685A697B68F3
:108400001B68DB689B0803F004035B0002FA03F3BC
:108410003B623B681B69042B2CD07B6818683B6867
:1084200019693B681A683B6AFFF74FFC7B6818685C
:108430003B6819693B685B7E012B02D14FF000431A
:1084400000E000231A46FFF779FC7B6818683B6858
:1084500019693B681B7E012B02D14FF4006300E0D9
:1084600000231A46FFF751FC4CE000BF0000FF4715
:108470000010005C7B681B681B6E03F0F8423B68D1
:108480001B689B069A4207D17B681B681A6E7B6843
:108490001B6822F000421A667B681B685B6E03F063
:1084A000F8423B681B689B069A4207D17B681B68B1
:1084B0005A6E7B681B6822F000425A667B681B6814
:1084C0009B6E03F0F8423B681B689B069A4207D1FB
:1084D0007B681B689A6E7B681B6822F000429A6674
:1084E0007B681B68DB6E03F0F8423B681B689B06E9
:1084F0009A4207D17B681B68DA6E7B681B6822F0A2
:108500000042DA667B681B681846FFF7FBFC0346EF
:10851000002B40F0AA817B6818683B6819683B68AB
:10852000DB681A46FFF77CFC3B68DB68874A9342AE
:1085300040F09A807B681A687B681B6884498B428C
:1085400047D13B681B6883498B4240D03B681B681E
:1085500081498B4239D03B681B6880498B4232D0BD
:108560003B681B687E498B422BD03B681B687D496A
:108570008B4224D03B681B687B498B421DD03B68F3
:108580001B687A498B4216D03B681B6878498B423E
:108590000FD03B681B6877498B4208D03B681B684B
:1085A00075498B4201D1754B5AE0002358E0744B5A
:1085B00056E0744B54E06E4B52E06C4B50E0724B03
:1085C0004EE0724B4CE0724B4AE0724B48E00123A4
:1085D00046E07B681B6870498B4240D13B681B6852
:1085E0005C498B4239D03B681B685B498B4232D077
:1085F0003B681B6859498B422BD03B681B68584924
:108600008B4224D03B681B6856498B421DD03B6887
:108610001B6855498B4216D03B681B6853498B42F7
:108620000FD03B681B6852498B4208D03B681B68DF
:1086300051498B4201D1514B12E0002310E0514BC4
:108640000EE04B4B0CE0494B0AE04F4B08E04F4B20
:1086500006E04F4B04E04F4B02E0012300E0002313
:1086600019461046FFF7FEFA3B681B68002B80F2A4
:10867000FC807B681B68364A934204D07B681B6889
:10868000454A934201D1454B00E0454B1846FFF760
:10869000DBFAF8617B681B682D4A934204D07B6843
:1086A0001B683D4A93420ED12948FFF72BFC044634
:1086B0003948FFF727FC03462343002B0CBF012357
:1086C0000023DBB208E03748FFF71CFC0346002B11
:1086D0000CBF01230023DBB2002B00F0B3803B680A
:1086E0001B68314A934265D1FB6903F40003002BF8
:1086F00060D17B681B682B4A934240F0B6807B6850
:108700001B68134A934204D07B681B68224A934239
:1087100001D1224A00E0224AFB6943F400031946D2
:108720001046FFF77EFA214B1B689B09204AA2FBEB
:1087300003239B0901335B00FB6002E0FB68013B04
:10874000FB60FB68002BF9D18FE000BF0000FF4702
:108750000020024002003004040060080800900C71
:108760001000C0102000F0140004002A0008302E71
:1087700000106032000021430000844B0000B84F1D
:1087800000005247002090360002B02500018021F1
:108790008000501D400020190021024000230240AB
:1087A0000063025800600258000084CB640000247B
:1087B000632D3E053B681B68314A93421ED1FB691D
:1087C00003F08073002B19D17B681B682D4A9342FC
:1087D0004BD17B681B682C4A934204D07B681B6892
:1087E0002A4A934201D12A4A00E02A4AFB6943F00F
:1087F000807319461046FFF714FA36E03B681B6891
:10880000254A934231D1FB6903F48003002B2CD11C
:108810007B681B681B4A934227D17B681B681A4AF6
:10882000934204D07B681B68184A934201D1184ACE
:1088300000E0184AFB6943F4800319461046FFF72D
:10884000F0F912E07B685B6D43F020027B685A65AB
:10885000012387F82F3008E07B685B6D43F020022E
:108860007B685A65012387F82F307B68002283F8E4
:10887000502097F82F3018463437BD4690BD00BFC2
:10888000000052C700600258002002400021024050
:1088900000230240006302580000B8CF80B584B0C6
:1088A00000AF78607B681B687A4A934204D07B688B
:1088B0001B68794A934209D1784B9B6803F4403393
:1088C000002B14BF01230023DBB208E0744B9B682C
:1088D00003F44033002B14BF01230023DBB2002B31
:1088E0001CD0F9F7A3FFF8607B685B68B3F5403FE5
:1088F00010D0B3F5403F73D8B3F5803F02D0B3F545
:10890000003F6DD17B685B681B0CFA68B2FBF3F328
:10891000FB6068E0FB689B08FB6064E04FF40020AC
:108920004FF00001FBF7E8F9F8607B685B68B3F58E
:10893000301F51D0B3F5301F54D8B3F5201F47D0A6
:10894000B3F5201F4ED8B3F5101F3DD0B3F5101F5F
:1089500048D8B3F5001F33D0B3F5001F42D8B3F5A4
:10896000E01F29D0B3F5E01F3CD8B3F5C01F1AD0E3
:10897000B3F5C01F36D8B3F5A01F14D0B3F5A01FB0
:1089800030D8B3F5801F0ED0B3F5801F2AD8B3F5C9
:10899000402F08D0B3F5402F24D8B3F5802F02D054
:1089A000B3F5002F1ED17B685B689B0C5B00FA68F7
:1089B000B2FBF3F3FB6016E0FB681B09FB6012E0FF
:1089C000FB685B09FB600EE0FB689B09FB600AE04B
:1089D000FB68DB09FB6006E0FB681B0AFB6002E04A
:1089E00000BF00E000BFF8F77BFE034641F2030240
:1089F000934215D8FB682B4A934208D97B681B68C1
:108A00009A687B681B6842F480729A603EE07B68DB
:108A10001B689A687B681B6822F480729A6035E054
:108A2000FB685B08FB60FB681F4A934208D87B68C1
:108A30001B689A687B681B6822F440729A6025E084
:108A4000FB681A4A93420AD87B681B689B6823F428
:108A500040727B681B6842F480729A6016E0FB6883
:108A6000134A93420AD87B681B689B6823F44072C0
:108A70007B681B6842F400729A6007E07B681B68A1
:108A80009A687B681B6842F440729A6000BF103796
:108A9000BD4680BD0020024000210240002302406C
:108AA00000630258002D3101105E5F0020BCBE0043
:108AB00040787D0180B400AF434BD3F88830424A00
:108AC00043F47003C2F88830404B1B6803F00F0377
:108AD000062B07D83D4B1B6823F00F033B4A43F09E
:108AE000070313603A4B1B68394A43F001031360D4
:108AF000374B00221A61364B1A683549354B134003
:108B00000B60324B1B6803F00803002B07D02F4B80
:108B10001B6823F00F032D4A43F0070313602C4B0F
:108B200000229A612A4B0022DA61294B00221A6244
:108B3000274B294A9A62264B284ADA62244B284A54
:108B40001A63234B00225A63214B254A9A63204B18
:108B50000022DA631E4B224A1A641D4B00225A641B
:108B60001B4B1B681A4A23F480231360184B002206
:108B70001A661C4B1A681C4B1340B3F1005F02D2FB
:108B80001A4B01221A60124BD3F8D43003F48053ED
:108B9000002B13D10E4BD3F8D4300D4A43F480533D
:108BA000C2F8D430124B43F2D2021A60084BD3F809
:108BB000D430074A23F48053C2F8D43000BFBD46F6
:108BC0005DF8047B704700BF00ED00E0002000521C
:108BD000004402587FEDF6EA000202020000FF01A5
:108BE000800201010010005C0000FFFF08810051BD
:108BF0000040005280B58EB004AFF860B9607A6072
:108C00003B607B6B002B0DD14FF0500372B683F3AA
:108C10001188BFF36F8FBFF34F8F62B63B6200BF07
:108C200000BFFDE7BB6B002B0DD14FF0500372B6B8
:108C300083F31188BFF36F8FBFF34F8F62B6FB6171
:108C400000BF00BFFDE75C233B613B695C2B0DD09F
:108C50004FF0500372B683F31188BFF36F8FBFF3E9
:108C60004F8F62B6BB6100BF00BFFDE73B69BB6BC6
:108C7000002B23D07B6B002B20D0BB6B7B625C2254
:108C80000021786AF7F79AFB7B6A7A6B1A637B6A32
:108C9000022283F85920002303937B6A029307F191
:108CA000140301933B6B00933B687A68B968F868DA
:108CB00000F055F8786A00F0E7F801E000237B61E6
:108CC0007B6918462837BD4680BD80B58CB004AF9F
:108CD000F860B9603B601346FB80FB889B00184638
:108CE00002F0F6F878617B69002B13D05C2002F06B
:108CF000EFF8F861FB69002B08D05C220021F869CD
:108D0000F7F75CFBFB697A691A6305E0786902F0A2
:108D1000AFF901E00023FB61FB69002B17D0FB6971
:108D2000002283F85920FA8800230393FB690293F9
:108D3000FB6A0193BB6A00933B68B968F86800F06E
:108D40000EF8F86900F0A0F80123BB6102E04FF0D3
:108D5000FF33BB61BB6918462037BD4680BD80B577
:108D600088B000AFF860B9607A603B603B6B186B0D
:108D70007B689B001A46A521F7F720FB3B6B1A6B1B
:108D800079686FF040430B449B001344BB61BB699F
:108D900023F00703BB61BB6903F00703002B0DD071
:108DA0004FF0500372B683F31188BFF36F8FBFF398
:108DB0004F8F62B67B6100BF00BFFDE7BB68002B31
:108DC0001ED00023FB6112E0BA68FB6913441978D6
:108DD0003A6BFB69134434330A461A70BA68FB696C
:108DE00013441B78002B06D0FB690133FB61FB6940
:108DF0000F2BE9D900E000BF3B6B002283F8432032
:108E0000BB6A372B0DD94FF0500372B683F311882C
:108E1000BFF36F8FBFF34F8F62B63B6100BF00BFE0
:108E2000FDE7BB6A372B01D93723BB623B6BBA6ABC
:108E3000DA623B6BBA6ADA643B6B0433184600F0C3
:108E4000CDFF3B6B1833184600F0C8FF3B6B3A6B05
:108E50001A61BB6AC3F138023B6B9A613B6B3A6B98
:108E60005A623A68F968B86901F01AFE02463B6B2B
:108E70001A60FB6A002B02D0FB6A3A6B1A6000BFD3
:108E80002037BD4680BD000080B584B000AF78605B
:108E900001F032FF414B1B680133404A1360404BE5
:108EA0001B68002B09D13E4A7B6813603B4B1B6853
:108EB000012B10D100F02AFE0DE03A4B1B68002B6D
:108EC00009D1374B1B68DA6A7B68DB6A9A4202D8A1
:108ED000334A7B681360344B1B680133324A13609A
:108EE000314B1A687B685A647B68DA6A2F4B1B68BF
:108EF0009A4203D97B68DB6A2C4A13607B68DA6A82
:108F00002B4913469B0013449B000B4404331B68FE
:108F1000FB607B68FA689A60FB689A687B68DA6035
:108F2000FB689B687A6804325A607B681A1DFB688C
:108F30009A607B68DA6A13469B0013449B001C4AC4
:108F40001A447B685A617B68DA6A194913469B00A8
:108F500013449B000B441B68591C154813469B0087
:108F600013449B000344196001F0FCFE0D4B1B6889
:108F7000002B0ED00A4B1B68DA6A7B68DB6A9A42C8
:108F800007D20C4B4FF080521A60BFF34F8FBFF3E4
:108F90006F8F00BF1037BD4680BD00BF9411002405
:108FA000C00C0024A0110024B01100249C11002446
:108FB000C40C002404ED00E080B584B000AF7860FC
:108FC00001F09AFE7B68002B02D1304B1B6800E059
:108FD0007B68FB60FB680433184600F069FFFB68A0
:108FE0009B6A002B04D0FB681833184600F060FF22
:108FF000274B1B680133264A1360244B1B68FA6811
:109000009A420BD1FB6804331946224800F0F3FE64
:10901000214B1B680133204A136006E01F4B1B687D
:10902000013B1E4A136000F011FE01F09BFE174B3E
:109030001B68FA689A4202D0F86800F0D5FD184B18
:109040001B68002B1ED0114B1B68FA689A4219D17D
:10905000144B1B68002B0DD04FF0500372B683F3F6
:109060001188BFF36F8FBFF34F8F62B6BB6000BF35
:1090700000BFFDE70C4B4FF080521A60BFF34F8FDB
:10908000BFF36F8F00BF1037BD4680BDC00C0024FA
:10909000B0110024681100247C11002494110024D4
:1090A000A0110024BC11002404ED00E080B584B0C0
:1090B00000AF78600023FB607B68002B1AD0154B53
:1090C0001B68002B0DD04FF0500372B683F311884C
:1090D000BFF36F8FBFF34F8F62B6BB6000BF00BF9F
:1090E000FDE700F08BF80021786800F0E9FD00F062
:1090F00093F8F860FB68002B07D1074B4FF08052C4
:109100001A60BFF34F8FBFF36F8F00BF1037BD469C
:1091100080BD00BFBC11002404ED00E080B58AB022
:1091200004AF0023BB6000237B603A46391D07F182
:1091300008031846F8F782F839687B68BA68029223
:1091400001930023009300230A4625492548FFF791
:1091500051FD0346244A1360234B1B68002B02D0A9
:1091600001237B6101E000237B617B69012B02D13C
:1091700001F0E4F978617B69012B18D14FF05003BD
:1091800072B683F31188BFF36F8FBFF34F8F62B650
:109190003B6100BF154B4FF0FF321A60144B0122A8
:1091A0001A60144B00221A6001F00CFD11E07B697B
:1091B000B3F1FF3F0DD14FF0500372B683F3118826
:1091C000BFF36F8FBFF34F8F62B6FB6000BF00BF6E
:1091D000FDE7094B1B6800BF1837BD4680BD00BFC7
:1091E000A0C00008DD9A0008B8110024B4110024C2
:1091F000A011002498110024E0C0000880B400AF42
:10920000044B1B680133034A136000BFBD465DF881
:10921000047B7047BC11002480B588B000AF0023E8
:10922000FB610023BB61734B1B68002B0DD14FF01A
:10923000500372B683F31188BFF36F8FBFF34F8F64
:1092400062B67B6000BF00BFFDE701F055FD694BD2
:109250001B68013B674A1360664B1B68002B40F09C
:10926000C180654B1B68002B00F0BC808BE0634B1A
:10927000DB68DB68FB61FB699B6A3B61FB69DB695F
:10928000FA69126A9A60FB691B6AFA69D2695A60C4
:109290003B695A68FB6918339A4203D1FB691A6A21
:1092A0003B695A60FB6900229A623B691B685A1E3F
:1092B0003B691A60FB695B69FB60FB699B68FA6943
:1092C000D2689A60FB69DB68FA6992685A60FB6849
:1092D0005A68FB6904339A4203D1FB69DA68FB6878
:1092E0005A60FB6900225A61FB681B685A1EFB68C2
:1092F0001A60FB69DA6A424B1B689A4203D9FB6920
:10930000DB6A3F4A1360FB69DA6A3E4913469B00F9
:1093100013449B000B4404331B68BB60FB69BA68B1
:109320009A60BB689A68FB69DA60BB689B68FA69F7
:1093300004325A60FB691A1DBB689A60FB69DA6ADD
:1093400013469B0013449B002E4A1A44FB695A6142
:10935000FB69DA6A2B4913469B0013449B000B44BC
:109360001B68591C274813469B0013449B00034469
:109370001960FB69DA6A244B1B68DB6A9A4202D9DE
:10938000224B01221A601D4B1B68002B7FF46FAF2C
:10939000FB69002B01D000F059FC1D4B1B687B6161
:1093A0007B69002B10D000F047F80346002B02D059
:1093B000164B01221A607B69013B7B617B69002BA4
:1093C000F1D1134B00221A60104B1B68002B09D0FF
:1093D0000123BB610F4B4FF080521A60BFF34F8FD8
:1093E000BFF36F8F01F0BEFCBB6918462037BD4646
:1093F00080BD00BFBC11002494110024541100242E
:109400009C110024C40C0024C00C0024A8110024CA
:10941000A411002404ED00E080B483B000AF054B3C
:109420001B687B607B6818460C37BD465DF8047B83
:10943000704700BF9811002480B58AB000AF0023A8
:109440007B627F4B1B68002B40F0F0807D4B1B68DC
:1094500001333B627B4A3B6A13603B6A002B23D19A
:10946000794B1B681B68002B0DD04FF0500372B670
:1094700083F31188BFF36F8FBFF34F8F62B67B60AA
:1094800000BF00BFFDE7704B1B68FB616F4B1B68A3
:109490006D4A13606D4AFB6913606D4B1B680133A5
:1094A0006B4A136000F0D2FB6A4B1B683A6A9A421F
:1094B000C0F0A780644B1B681B68002B04D1654B70
:1094C0004FF0FF321A609CE05F4B1B68DB68DB6883
:1094D000BB61BB695B687B613A6A7B699A4203D274
:1094E0005C4A7B6913608CE0BB695B693B61BB696B
:1094F0009B68BA69D2689A60BB69DB68BA6992688E
:109500005A603B695A68BB6904339A4203D1BB690C
:10951000DA683B695A60BB6900225A613B691B6883
:109520005A1E3B691A60BB699B6A002B1ED0BB693F
:109530009B6AFB60BB69DB69BA69126A9A60BB69A6
:109540001B6ABA69D2695A60FB685A68BB691833EA
:109550009A4203D1BB691A6AFB685A60BB69002250
:109560009A62FB681B685A1EFB681A60BB69DA6A5C
:10957000394B1B689A4203D9BB69DB6A364A1360D0
:10958000BB69DA6A354913469B0013449B000B44C0
:1095900004331B68BB60BB69BA689A60BB689A6891
:1095A000BB69DA60BB689B68BA6904325A60BB6900
:1095B0001A1DBB689A60BB69DA6A13469B001344A4
:1095C0009B00264A1A44BB695A61BB69DA6A23497F
:1095D00013469B0013449B000B441B68591C1F48F7
:1095E00013469B0013449B0003441960BB69DA6A6D
:1095F0001B4B1B68DB6A9A427FF65CAF01237B62E0
:1096000058E7174B1B68DA6A144913469B0013444A
:109610009B000B441B68012B01D901237B62114B7A
:109620001B68002B07D001237B6204E00E4B1B68F4
:1096300001330D4A13607B6A18462837BD4680BD4A
:10964000BC110024981100244C1100245011002456
:10965000AC110024B41100249C110024C40C00247B
:10966000C00C0024A8110024A411002480B485B0EB
:1096700000AF294B1B68002B03D0284B01221A6036
:1096800043E0264B00221A60254B1B68FB6013E069
:10969000FB68002B0DD14FF0500372B683F3118895
:1096A000BFF36F8FBFF34F8F62B67B6000BF00BF09
:1096B000FDE7FB68013BFB601A49FA6813469B0013
:1096C00013449B000B441B68002BE1D0FA6813463F
:1096D0009B0013449B00134A1344BB60BB685B6848
:1096E0005A68BB685A60BB685A68BB6808339A42BC
:1096F00003D1BB68DA68BB685A60BB685B68DB682B
:10970000094A1360064AFB68136000BF1437BD4660
:109710005DF8047B704700BFBC110024A811002431
:109720009C110024C40C0024C00C002480B584B01B
:1097300000AF786039607B68002B0DD14FF050038B
:1097400072B683F31188BFF36F8FBFF34F8F62B68A
:10975000FB6000BF00BFFDE7074B1B6818331946CD
:10976000786800F06CFB0121386800F0A9FA00BFAE
:109770001037BD4680BD00BFC00C002480B586B048
:1097800000AFF860B9607A60FB68002B0DD14FF034
:10979000500372B683F31188BFF36F8FBFF34F8FFF
:1097A00062B63B6100BF00BFFDE7FB685B687B61A1
:1097B000154B1B687A69DA61134B1B687A699268EA
:1097C0001A62114B1A687B699B6818325A600E4BFB
:1097D0001B6803F118027B699A600B4B1B68FA68DF
:1097E0009A62FB681B685A1CFB681A607B68002B36
:1097F00002D04FF0FF33BB607968B86800F060FAC0
:1098000000BF1837BD4680BDC00C002480B48BB0AB
:1098100000AF78607B68DB68DB683B623B6A002BEB
:109820000DD14FF0500372B683F31188BFF36F8FE1
:10983000BFF34F8F62B6FB6000BF00BFFDE73B6A1E
:109840009B6AFB613B6ADB693A6A126A9A603B6A0F
:109850001B6A3A6AD2695A60FB695A683B6A1833D4
:109860009A4203D13B6A1A6AFB695A603B6A00223A
:109870009A62FB691B685A1EFB691A604A4B1B6897
:10988000002B5FD13B6A5B697B613B6A9B683A6AEC
:10989000D2689A603B6ADB683A6A92685A607B6970
:1098A0005A683B6A04339A4203D13B6ADA687B699F
:1098B0005A603B6A00225A617B691B685A1E7B69A9
:1098C0001A603B6ADA6A394B1B689A4203D93B6AD1
:1098D000DB6A364A13603B6ADA6A354913469B00F5
:1098E00013449B000B4404331B683B613B6A3A6999
:1098F0009A603B699A683B6ADA603B699B683A6A9E
:1099000004325A603B6A1A1D3B699A603B6ADA6A04
:1099100013469B0013449B00254A1A443B6A5A6134
:109920003B6ADA6A224913469B0013449B000B44AE
:109930001B68591C1E4813469B0013449B0003449C
:1099400019601BE01B4B5B68BB613B6ABA69DA615B
:10995000BB699A683B6A1A62BB699B683A6A1832AB
:109960005A603B6A03F11802BB699A603B6A114A6C
:109970009A62104B1B6801330E4A13603B6ADA6A25
:109980000D4B1B68DB6A9A4205D901237B620B4BA6
:1099900001221A6001E000237B627B6A18462C37A3
:1099A000BD465DF8047B7047BC1100249C11002467
:1099B000C40C002454110024C00C0024A81100245D
:1099C00080B483B000AF7860064B1A687B681A6079
:1099D000054B1A687B685A6000BF0C37BD465DF8BE
:1099E000047B7047AC1100249811002480B588B026
:1099F00000AF786039607B68002B0DD14FF05003C9
:109A000072B683F31188BFF36F8FBFF34F8F62B6C7
:109A10003B6100BF00BFFDE73B68002B0DD14FF05D
:109A2000500372B683F31188BFF36F8FBFF34F8F6C
:109A300062B6FB6000BF00BFFDE701F05DF91F4BA0
:109A40001B68BB617B685B68BA69D31A7B613B6842
:109A50001B68B3F1FF3F02D10023FB6126E07B6866
:109A60001A68174B1B689A420AD07B685B68BA6910
:109A70009A4205D30123FB613B6800221A6015E07E
:109A80003B681B687A699A420BD23B681A687B690B
:109A9000D21A3B681A607868FFF792FF0023FB61D7
:109AA00004E03B6800221A600123FB6101F05AF9CF
:109AB000FB6918462037BD4680BD00BF98110024C1
:109AC000AC11002480B400AF034B01221A6000BF28
:109AD000BD465DF8047B7047A811002480B582B0B4
:109AE00000AF786000F052F8064B1B68012BF9D9E3
:109AF000054B4FF080521A60BFF34F8FBFF36F8F4B
:109B0000F0E700BFC40C002404ED00E080B582B093
:109B100000AF00237B600CE07A6813469B0013447F
:109B20009B00124A1344184600F038F97B68013351
:109B30007B607B68372BEFD90D4800F02FF90D487B
:109B400000F02CF90C4800F029F90C4800F026F937
:109B50000B4800F023F90B4B054A1A600A4B054AE3
:109B60001A6000BF0837BD4680BD00BFC40C00248A
:109B700024110024381100245411002468110024F9
:109B8000801100244C1100245011002480B582B0B3
:109B900000AF19E001F0B0F8104BDB68DB687B60C8
:109BA0007B680433184600F083F90D4B1B68013BBA
:109BB0000B4A13600B4B1B68013B0A4A136001F010
:109BC000D1F8786800F010F8064B1B68002BE1D143
:109BD00000BF00BF0837BD4680BD00BF681100242C
:109BE000941100247C11002480B584B000AF78600B
:109BF0007B6893F85930002B08D17B681B6B1846A3
:109C000001F036FA786801F033FA1BE07B6893F8CC
:109C10005930012B03D1786801F02AFA12E07B68F1
:109C200093F85930022B0DD04FF0500372B683F3E6
:109C30001188BFF36F8FBFF34F8F62B6FB6000BF19
:109C400000BFFDE700BF1037BD4680BD80B400AF48
:109C50000A4B1B681B68002B04D1094B4FF0FF32E5
:109C60001A6005E0054B1B68DB681B68044A13603B
:109C700000BFBD465DF8047B704700BF4C11002457
:109C8000B411002480B483B000AF0B4B1B68002BD1
:109C900002D101237B6008E0084B1B68002B02D136
:109CA00002237B6001E000237B607B6818460C3751
:109CB000BD465DF8047B7047A0110024BC11002450
:109CC00080B586B000AF786039602E4B1B687B6131
:109CD0002D4B1B680433184600F0EAF87B68B3F19B
:109CE000FF3F24D13B68002B21D0284B5B683B61B0
:109CF000254B1B683A699A60234B1B683A69926846
:109D0000DA60214B1A683B699B6804325A601E4B2B
:109D10001B681A1D3B699A601B4B1B681B4A5A61E2
:109D20001A4B1B680133194A136000BF26E07A6999
:109D30007B681344FB60144B1B68FA685A60FA682E
:109D40007B699A4209D2124B1A680F4B1B68043385
:109D50001946104600F073F810E00E4B1A680A4BD3
:109D60001B6804331946104600F069F80A4B1B685B
:109D7000FA689A4202D2084AFB68136000BF18379B
:109D8000BD4680BD98110024C00C00248011002421
:109D9000501100244C110024B411002480B483B06D
:109DA00000AF78607B6803F108027B685A607B68CB
:109DB0004FF0FF329A607B6803F108027B68DA603B
:109DC0007B6803F108027B681A617B6800221A60D5
:109DD00000BF0C37BD465DF8047B704780B483B08C
:109DE00000AF78607B6800221A6100BF0C37BD4667
:109DF0005DF8047B704780B485B000AF786039604F
:109E00007B685B68FB603B68FA685A60FB689A682D
:109E10003B689A60FB689B683A685A60FB683A68DE
:109E20009A603B687A681A617B681B685A1C7B6879
:109E30001A6000BF1437BD465DF8047B704780B4DC
:109E400085B000AF786039603B681B68BB60BB6859
:109E5000B3F1FF3F03D17B681B69FB600CE07B68BB
:109E60000833FB6002E0FB685B68FB60FB685B68D3
:109E70001B68BA689A42F6D2FB685A683B685A6017
:109E80003B685B683A689A603B68FA689A60FB686E
:109E90003A685A603B687A681A617B681B685A1C8A
:109EA0007B681A6000BF1437BD465DF8047B7047BD
:109EB00080B485B000AF78607B681B69FB607B680D
:109EC0005B687A6892689A607B689B687A68526877
:109ED0005A60FB685B687A689A4203D17B689A682B
:109EE000FB685A607B6800221A61FB681B685A1E77
:109EF000FB681A60FB681B6818461437BD465DF89E
:109F0000047B704780B586B000AF7860396001236C
:109F10007B617B683B613B69002B0DD14FF05003A7
:109F200072B683F31188BFF36F8FBFF34F8F62B6A2
:109F3000FB6000BF00BFFDE73B69002B5DD03B69C4
:109F4000DB6B002B59D03B691A6C3B69DB6B002142
:109F5000A3FB0223002B00D001210B46002B4CD188
:109F600000F0CAFE3B691A683B69DB6B3969096C12
:109F700001FB03F31A443B699A603B6900229A6330
:109F80003B691A683B695A603B691A683B69DB6B3D
:109F9000013B3969096C01FB03F31A443B69DA6040
:109FA0003B69FF2283F844203B69FF2283F8452068
:109FB0003B68002B14D13B691B69002B1AD03B690D
:109FC00010331846FFF722FC0346002B12D0174B24
:109FD0004FF080521A60BFF34F8FBFF36F8F09E0CD
:109FE0003B6910331846FFF7D9FE3B692433184606
:109FF000FFF7D4FE00F0B6FE01E000237B617B6931
:10A00000002B0DD14FF0500372B683F31188BFF3CC
:10A010006F8FBFF34F8F62B6BB6000BF00BFFDE71D
:10A020007B6918461837BD4680BD00BF04ED00E0CF
:10A0300080B58CB002AFF860B9607A603B600023F5
:10A040007B623B68002B0DD14FF0500372B683F357
:10A050001188BFF36F8FBFF34F8F62B63B6200BFB3
:10A0600000BFFDE7FB68002B33D03B68002B30D0EE
:10A070007B68002B02D0BB68002B2AD07B68002BAA
:10A0800002D1BB68002B24D150237B617B69502B0C
:10A090000DD04FF0500372B683F31188BFF36F8F6A
:10A0A000BFF34F8F62B6FB6100BF00BFFDE77B6966
:10A0B0003B687B627B6A012283F8462097F8302058
:10A0C0007B6A009313467A68B968F86800F017F85D
:10A0D00010E07B6A002B0DD14FF0500372B683F372
:10A0E0001188BFF36F8FBFF34F8F62B6BB6100BFA4
:10A0F00000BFFDE77B6A18462837BD4680BD80B5A6
:10A1000084B000AFF860B9607A60FB70BB68002B68
:10A1100003D1BB69BA691A6002E0BB697A681A6048
:10A12000BB69FA68DA63BB69BA681A640121B86965
:10A13000FFF7E8FEBB69FA7883F84C2000BF1037C0
:10A14000BD4680BD80B58CB000AFF860B9607A6064
:10A150000023FB62FB68BB62BB6A002B0DD14FF092
:10A16000500372B683F31188BFF36F8FBFF34F8F25
:10A1700062B63B6200BF00BFFDE7BB68002B03D1A6
:10A18000BB6A1B6C002B01D1012300E00023002BD4
:10A190000DD14FF0500372B683F31188BFF36F8F68
:10A1A000BFF34F8F62B6FB6100BF00BFFDE7FFF753
:10A1B00069FD0346002B02D17B68002B01D10123EE
:10A1C00000E00023002B0DD14FF0500372B683F353
:10A1D0001188BFF36F8FBFF34F8F62B6BB6100BFB3
:10A1E00000BFFDE700F088FDBB6A9B6B7B627B6A6A
:10A1F000002B1FD0B968B86A00F08CF87B6A5A1E31
:10A20000BB6A9A63BB6A1B69002B0FD0BB6A103311
:10A210001846FFF7FBFA0346002B07D03C4B4FF0E4
:10A2200080521A60BFF34F8FBFF36F8F00F09AFD1B
:10A23000012369E07B68002B03D100F093FD00232C
:10A2400062E0FB6A002B06D107F110031846FFF706
:10A25000B7FB0123FB6200F085FDFEF7CFFF00F0A6
:10A260004BFDBB6A93F844305BB2B3F1FF3F03D1BF
:10A27000BB6A002283F84420BB6A93F845305BB286
:10A28000B3F1FF3F03D1BB6A002283F8452000F001
:10A2900069FD3A1D07F1100311461846FFF7A6FBAA
:10A2A0000346002B23D1B86A00F0ACF80346002B1C
:10A2B00017D0BB6A24337A6811461846FFF736FA7E
:10A2C000B86A00F04DF8FEF7A7FF0346002B89D1CE
:10A2D0000F4B4FF080521A60BFF34F8FBFF36F8F59
:10A2E00080E7B86A00F03CF8FEF796FF7AE7B86AB4
:10A2F00000F036F8FEF790FFB86A00F083F80346E6
:10A30000002B3FF46FAF002318463037BD4680BDA9
:10A3100004ED00E080B582B000AF786039607B6802
:10A320001B6C002B18D07B68DA687B681B6C1A44A6
:10A330007B68DA607B68DA687B689B689A4203D343
:10A340007B681A687B68DA607B68D9687B681B6CFD
:10A350001A46386801F0D8FA00BF0837BD4680BDFC
:10A3600080B584B000AF786000F0C6FC7B6893F8DD
:10A370004530FB7311E07B685B6A002B12D07B6871
:10A3800024331846FFF742FA0346002B01D0FFF7AB
:10A3900099FBFB7B013BDBB2FB7397F90F30002B82
:10A3A000E9DC00E000BF7B68FF2283F8452000F075
:10A3B000D9FC00F0A1FC7B6893F84430BB7311E03A
:10A3C0007B681B69002B12D07B6810331846FFF79F
:10A3D0001DFA0346002B01D0FFF774FBBB7B013B4A
:10A3E000DBB2BB7397F90E30002BE9DC00E000BF55
:10A3F0007B68FF2283F8442000F0B4FC00BF1037D4
:10A40000BD4680BD80B584B000AF786000F074FCBC
:10A410007B689B6B002B02D10123FB6001E00023D2
:10A42000FB6000F09FFCFB6818461037BD4680BDFE
:10A4300080B487B000AF7860396000233B617B68EF
:10A44000002B0DD14FF0500372B683F31188BFF388
:10A450006F8FBFF34F8F62B6FB6000BF00BFFDE799
:10A460003B68002B24D000237B611EE0184A7B69E7
:10A47000DB0013445B687A689A4205D17B69DB0094
:10A48000134A13443B6113E03B69002B0AD1104A85
:10A490007B6952F83330002B04D17B69DB000C4A16
:10A4A00013443B617B6901337B617B69072BDDD9F9
:10A4B0003B69002B05D03B693A681A603B697A68B2
:10A4C0005A6000BF1C37BD465DF8047B704700BF73
:10A4D000C011002480B586B000AFF860B9607A6022
:10A4E000FB687B6100F008FC7B6993F844305BB249
:10A4F000B3F1FF3F03D17B69002283F844207B69DD
:10A5000093F845305BB2B3F1FF3F03D17B69002282
:10A5100083F8452000F026FC7B699B6B002B06D15D
:10A520007B6924337A68B9681846FFF727F9786998
:10A53000FFF716FF00BF1837BD4680BD80B58AB053
:10A5400004AF00237B6100F06BFA1E4B1B68002BED
:10A5500021D00023FB600023BB603A1D07F10801F6
:10A5600007F10C031846F6F783FE7968BB68FA68B2
:10A57000029201933723009300230A46124913489D
:10A58000FEF738FB0346124A1360114B1B68002B81
:10A5900001D001237B617B69002B0DD14FF050036B
:10A5A00072B683F31188BFF36F8FBFF34F8F62B61C
:10A5B0003B6100BF00BFFDE77B6918461837BD4609
:10A5C00080BD00BF30120024A8C0000879A6000892
:10A5D0003412002480B584B000AFF860B9607A60AE
:10A5E00008E0FB689B69BA681344BB60FB681B6AA0
:10A5F000F8689847FB689A69BB68D118BB687A68A5
:10A60000F86800F0E1F80346002BEAD100BF00BF74
:10A610001037BD4680BD000080B584B000AF7860C3
:10A620003960144B1B68DB68DB68FB60FB68043334
:10A630001846FFF73DFCFB6893F8283003F004034D
:10A64000002B05D03A687968F868FFF7C3FF08E087
:10A65000FB6893F8283023F00103DAB2FB6883F833
:10A660002820FB681B6AF868984700BF1037BD4672
:10A6700080BD00BF2812002480B584B000AF786090
:10A68000F6F710FE07F10803184600F059F8F860D5
:10A69000BB681946F86800F005F800F0D7F800BF6D
:10A6A000F0E7000080B584B000AF78603960FEF755
:10A6B000A5FD07F10803184600F066F8F860BB68CE
:10A6C000002B30D13B68002B0AD17A68FB689A4294
:10A6D00006D8FEF7A1FDF9687868FFF79DFF24E032
:10A6E0003B68002B08D0134B1B681B68002B01D163
:10A6F000012300E000233B600F4B18687A68FB6879
:10A70000D31A3A681946FFF7E5FEFEF785FD0346C2
:10A71000002B0AD1094B4FF080521A60BFF34F8FC4
:10A72000BFF36F8F01E0FEF777FD00BF1037BD4626
:10A7300080BD00BF2C1200243012002404ED00E084
:10A7400080B485B000AF78600E4B1B681B68002B8F
:10A7500001D1012200E000227B681A607B681B683F
:10A76000002B05D1074B1B68DB681B68FB6001E011
:10A770000023FB60FB6818461437BD465DF8047B78
:10A78000704700BF2812002480B584B000AF786005
:10A79000FEF742FEF8600B4B1B68FA689A4205D23E
:10A7A00000F018F97B6801221A6002E07B68002241
:10A7B0001A60044AFB681360FB6818461037BD46F0
:10A7C00080BD00BF3812002480B586B000AFF860AD
:10A7D000B9607A603B6000237B61FB68BA685A60AD
:10A7E000FB68FA681A61BA687B689A4212D87A687C
:10A7F0003B68D21AFB689B699A4202D301237B61B2
:10A800001BE0104B1A68FB68043319461046FFF72B
:10A8100016FB12E07A683B689A4206D2BA683B6837
:10A820009A4202D301237B6107E0074B1A68FB6859
:10A83000043319461046FFF702FB7B6918461837A8
:10A84000BD4680BD2C1200242812002480B588B09B
:10A8500000AFABE0BB68002BC0F2A8803B69FB6196
:10A86000FB695B69002B04D0FB6904331846FFF7D2
:10A870001FFB3B1D1846FFF787FFB861BB68013B14
:10A88000082B00F2908001A252F823F0B1A8000832
:10A89000B1A8000819A900082DA900087DA9000881
:10A8A000B1A80008B1A8000819A900082DA900083E
:10A8B000FB6993F8283043F00103DAB2FB6983F8AF
:10A8C0002820FA68FB699B69D118FB68BA69F869A6
:10A8D000FFF77AFF0346002B67D0FB6993F8283017
:10A8E00003F00403002B09D0FA68FB699B69134449
:10A8F000BA691946F869FFF76DFE08E0FB6993F83D
:10A90000283023F00103DAB2FB6983F82820FB69C1
:10A910001B6AF869984748E0FB6993F8283023F0F0
:10A920000103DAB2FB6983F828203FE0FB6993F862
:10A93000283043F00103DAB2FB6983F82820FA6873
:10A94000FB699A61FB699B69002B0DD14FF05003A5
:10A9500072B683F31188BFF36F8FBFF34F8F62B668
:10A960007B6100BF00BFFDE7FB699A69BB69D11835
:10A97000BB69BA69F869FFF727FF17E0FB6993F82D
:10A98000283003F00203002B03D1F86900F070FBBC
:10A990000CE0FB6993F8283023F00103DAB2FB697D
:10A9A00083F8282002E000BF00E000BF084B1B68CE
:10A9B00007F1080100221846FFF7C4FB0346002BED
:10A9C0007FF448AF00BF00BF2037BD4680BD00BF49
:10A9D0003012002480B582B000AF09E00E4B1B6836
:10A9E000DB681B683B604FF0FF313868FFF714FEEF
:10A9F000094B1B681B68002BF0D1074B1B687B6061
:10AA0000064B1B68044A1360044A7B68136000BF4E
:10AA10000837BD4680BD00BF281200242C12002438
:10AA200080B582B002AF00F067F9154B1B68002BB0
:10AA300020D11448FFF7B2F91348FFF7AFF9134BD1
:10AA4000104A1A60124B104A1A6000230093114BEF
:10AA5000114A0C210A20FFF7EBFA0346084A13605B
:10AA6000074B1B68002B05D0054B1B680B4918468C
:10AA7000FFF7DEFC00F076F900BFBD4680BD00BFE9
:10AA80003012002400120024141200242812002482
:10AA90002C120024B41200243C120024B0C0000880
:10AAA00080B485B000AFF860B9607A60FB68043BA1
:10AAB000FB60FB684FF080721A60FB68043BFB6030
:10AAC000BB6823F00102FB681A60FB68043BFB6073
:10AAD0000C4AFB681A60FB68143BFB607A68FB68F1
:10AAE0001A60FB68043BFB60FB686FF002021A60AF
:10AAF000FB68203BFB60FB6818461437BD465DF8D9
:10AB0000047B704709AB000880B485B000AF002318
:10AB10007B60154B1B68B3F1FF3F0DD04FF0500326
:10AB200072B683F31188BFF36F8FBFF34F8F62B696
:10AB3000FB6000BF00BFFDE74FF0500372B683F328
:10AB40001188BFF36F8FBFF34F8F62B6BB6000BF3A
:10AB500000BF7B68002BFCD000BF00BF1437BD4690
:10AB60005DF8047B704700BF6C000024000000000B
:10AB7000074B19680868B0E8F04F80F30988BFF305
:10AB80006F8F4FF0000080F311887047AFF30080A3
:10AB9000C00C002400BF00BF08480068006880F3B4
:10ABA00008884FF0000080F3148862B661B6BFF3E6
:10ABB0004F8FBFF36F8F00DF00BF000008ED00E094
:10ABC00000BF00BF80B586B000AF00237B60444B60
:10ABD0007B617B691B78DBB2FB727B69FF221A7099
:10ABE0007B691B78DBB2FB70FB78DBB203F05003B0
:10ABF000DAB23C4B1A703B4B1B78002B0DD14FF057
:10AC0000500372B683F31188BFF36F8FBFF34F8F7A
:10AC100062B6FB6000BF00BFFDE7FB78DBB2DB4341
:10AC200003F05003002B15D04FF0500372B683F39E
:10AC30001188BFF36F8FBFF34F8F62B63B6100BFC8
:10AC400000BFFDE77B6801337B60FB78DBB25B0014
:10AC5000DBB2FB70FB78DBB203F08003802BF1D01A
:10AC60007B68082B03D1204B00221A6004E07B682C
:10AC7000C3F107031C4A13601B4B1B681B021A4AD3
:10AC80001360194B1B6803F4E063174A1360FB7AE7
:10AC9000DAB27B691A70154B1B68144A43F47F03C0
:10ACA0001360124B1B68114A43F07F43136000F09E
:10ACB000DFF80F4B00221A6000F0FEF80D4B1B6806
:10ACC0000C4A43F040431360FFF766FFFEF7CEFCEB
:10ACD000FFF71AFF002318461837BD4680BD00BF96
:10ACE00000E400E0041300240813002420ED00E039
:10ACF0006C00002434EF00E080B483B000AF4FF06C
:10AD0000500372B683F31188BFF36F8FBFF34F8F79
:10AD100062B67B6000BF114B1B6801330F4A1360A2
:10AD20000E4B1B68012B12D10D4B1B68DBB2002BA5
:10AD30000DD04FF0500372B683F31188BFF36F8FBD
:10AD4000BFF34F8F62B63B6000BF00BFFDE700BF9F
:10AD50000C37BD465DF8047B704700BF6C000024D3
:10AD600004ED00E080B483B000AF134B1B68002BF0
:10AD70000DD14FF0500372B683F31188BFF36F8F7C
:10AD8000BFF34F8F62B67B6000BF00BFFDE70A4B89
:10AD90001B68013B084A1360074B1B68002B05D159
:10ADA00000233B603B6883F3118800BF00BF0C3772
:10ADB000BD465DF8047B70476C0000240000000075
:10ADC000EFF30980BFF36F8F154B1A681EF0100F59
:10ADD00008BF20ED108A20E9F04F10602DE909002E
:10ADE0004FF0500072B680F31188BFF34F8FBFF35E
:10ADF0006F8F62B6FEF73AFC4FF0000080F31188C7
:10AE000009BC19680868B0E8F04F1EF0100F08BFC1
:10AE1000B0EC108A80F30988BFF36F8F704700BFD2
:10AE2000C00C002400BF00BF80B582B000AF4FF05F
:10AE3000500372B683F31188BFF36F8FBFF34F8F48
:10AE400062B67B6000BFFEF7F7FA0346002B03D023
:10AE5000064B4FF080521A6000233B603B6883F33F
:10AE6000118800BF00BF0837BD4680BD04ED00E07B
:10AE700080B400AF0B4B00221A600B4B00221A600B
:10AE80000A4B1B680A4AA2FB03239B09094A013BA0
:10AE90001360044B07221A6000BFBD465DF8047BB7
:10AEA000704700BF10E000E018E000E064000024FC
:10AEB000D34D621014E000E0DFF80C00016841F4AB
:10AEC000700101607047000088ED00E000BF00BF26
:10AED00080B58AB000AF78600023FB61FEF78EF981
:10AEE0005E4B1B68002B01D100F020F97B68002B22
:10AEF00022D00823DB437A689A421BD808227B6859
:10AF000013447B607B6803F00703002B14D07B683D
:10AF100003F00703C3F10803BB61BB69DB437A6835
:10AF20009A4204D87A68BB6913447B6004E000232A
:10AF30007B6001E000237B607B68002B73DB7B6818
:10AF4000002B70D0464B1B687A689A426BD8454BF1
:10AF50003B62444B1B687B6204E07B6A3B627B6A1A
:10AF60001B687B627B6A5B687A689A4203D97B6A5A
:10AF70001B68002BF1D1394B1B687A6A9A4252D078
:10AF80003B6A1B6808221344FB617B6A1A683B6AB0
:10AF90001A607B6A5A687B68D21A08235B009A425F
:10AFA00022D97A6A7B6813447B617B6903F00703CB
:10AFB000002B0DD04FF0500372B683F31188BFF30E
:10AFC0006F8FBFF34F8F62B63B6100BF00BFFDE7DD
:10AFD0007B6A5A687B68D21A7B695A607B6A7A6896
:10AFE0005A60786900F0FEF81D4B1A687B6A5B684E
:10AFF000D31A1B4A13601A4B1A681B4B1B689A42E0
:10B0000003D2174B1B68184A13607B6A5B6843F0D6
:10B0100000427B6A5A607B6A00221A60134B1B68ED
:10B020000133124A1360FEF7F7F8FB6903F00703D8
:10B03000002B0DD04FF0500372B683F31188BFF38D
:10B040006F8FBFF34F8F62B6FB6000BF00BFFDE79D
:10B05000FB6918462837BD4680BD00BF1493002405
:10B06000189300240C9300241C93002420930024A4
:10B0700080B586B000AF78607B687B617B68002B11
:10B080004BD008235B427A6913447B617B693B6147
:10B090003B695B68002B0DDB4FF0500372B683F306
:10B0A0001188BFF36F8FBFF34F8F62B6FB6000BF95
:10B0B00000BFFDE73B691B68002B0DD04FF050032C
:10B0C00072B683F31188BFF36F8FBFF34F8F62B6F1
:10B0D000BB6000BF00BFFDE73B695B68002B1CDA6B
:10B0E0003B691B68002B18D13B695B6823F0004269
:10B0F0003B695A60FEF782F83B695A68094B1B6846
:10B100001344084A1360386900F06CF8064B1B685A
:10B110000133054A1360FEF77FF800BF1837BD46BC
:10B1200080BD00BF189300242493002480B485B010
:10B1300000AF4FF40043BB60254BFB60FB6803F09E
:10B140000703002B0CD0FB680733FB60FB6823F080
:10B150000703FB60BA68FB68D31A1D4A1344BB603F
:10B16000FB687B601B4A7B6813601A4B00225A60A5
:10B170007A68BB681344FB600822FB689B1AFB607B
:10B18000FB6823F00703FB60FB68134A1360124B54
:10B190001B6800225A60104B1B6800221A607B68F3
:10B1A0003B603B68FA68D21A3B685A600A4B1A68DF
:10B1B0003B681A603B685B68084A13603B685B68E1
:10B1C000074A136000BF1437BD465DF8047B704723
:10B1D0000C1300240C930024149300241C930024CB
:10B1E0001893002480B485B000AF7860284BFB60D2
:10B1F00002E0FB681B68FB60FB681B687A689A4288
:10B20000F7D8FB68BB60FB685B68BA6813447A6870
:10B210009A4208D1FB685A687B685B681A44FB68ED
:10B220005A60FB687B607B68BB607B685B68BA6860
:10B230001A44FB681B689A4218D1FB681A68154BC0
:10B240001B689A420DD07B685A68FB681B685B6874
:10B250001A447B685A60FB681B681A687B681A602E
:10B2600008E00C4B1A687B681A6003E0FB681A68F8
:10B270007B681A60FA687B689A4202D0FB687A6839
:10B280001A6000BF1437BD465DF8047B704700BFED
:10B290000C930024149300242DE9F047089D0F46D9
:10B2A00004468C46002B48D18A42164661D9B2FA30
:10B2B00082F34BB1C3F1200201FA03FC20FA02F23F
:10B2C0009E4042EA0C0C9C404FEA164EB7B2BCFBC3
:10B2D000FEF1220C0EFB11CC42EA0C4201FB07F0FE
:10B2E000904209D9B21801F1FF3C80F0EE80904203
:10B2F00040F2EB8002393244121AA4B2B2FBFEF0E3
:10B300000EFB102244EA024400FB07F7A74209D9CA
:10B31000341900F1FF3280F0DA80A74240F2D78082
:10B320003444023840EA0140E41B00211DB1DC40F6
:10B330000023C5E90043BDE8F0878B4206D90DB173
:10B34000C5E9000100210846BDE8F087B3FA83F1A2
:10B35000002948D1BB4202D3824200F20781841AFD
:10B3600067EB030201209446002DE4D0C5E9004CB0
:10B37000E1E7002A00F09280B2FA82F3002B40F05D
:10B38000A8808A1A4FEA164E1FFA86FC0121200C6B
:10B39000B2FBFEF70EFB172240EA02420CFB07F05D
:10B3A000904207D9B21807F1FF3802D2904200F25A
:10B3B000E2804746121AA4B2B2FBFEF00EFB102246
:10B3C00044EA02440CFB00FCA44507D9341900F1FF
:10B3D000FF3202D2A44500F2CB801046A4EB0C044D
:10B3E00040EA0740A2E7C1F120068B4022FA06FCA2
:10B3F0004CEA030C07FA01F420FA06F3F7404FEA8F
:10B400001C49234300FA01F81FFA8CFEB7FBF9F040
:10B410001C0C09FB107744EA074400FB0EF7A74217
:10B4200002FA01F20AD91CEB040400F1FF3A80F0A1
:10B430009B80A74240F2988002386444E41B9FB28C
:10B44000B4FBF9F309FB134447EA044403FB0EFE83
:10B45000A64509D91CEB040403F1FF3780F0828074
:10B46000A6457FD9023B644443EA0040A4EB0E04A6
:10B47000A0FB02E7BC427346B94663D360D05DB11E
:10B48000B8EB030264EB090404FA06F622FA01F3AE
:10B490001E43CC40C5E9006400214CE7620848081F
:10B4A00042EAC1710B0C43EA00438AB242EA03420A
:10B4B000B3FBF6F1E407B4463746B6461F23B0FBAC
:10B4C000F6F0D21B41EA004161E7614614E71046FD
:10B4D00028E7C3F1200120FA01F29E4027FA01F18A
:10B4E0009F403A434FEA164E1FFA86FCB1FBFEF727
:10B4F0000EFB1710110C41EA004107FB0CF88845C0
:10B5000004FA03F43AD9711807F1FF3001D28845E3
:10B510001FD8A1EB0801B1FBFEF808FB0CF70EFBEE
:10B52000181192B242EA0142BA422FD2B21808F17F
:10B53000FF31C6D2BA42C4D2A8F102013244C0E7F8
:10B54000F0459CD2BEEB020367EB0C070138B9460D
:10B5500095E7A6EB08084144B81EB1FBFEF808FBCE
:10B560000CF7DCE73B467FE7504667E70846FBE61B
:10B570003444023832E7023F32441BE7A1EB0801B2
:10B580003846B1FBFEF808FB0CF7C8E7414698E7E0
:10B590000FB407B5064904AB086853F8042B81685B
:10B5A000019300F0F1F903B05DF804EB04B07047CB
:10B5B0000C000024036A70B5846805460E460BB97A
:10B5C000F4F782FE636EDB0705D4A389980502D4E5
:10B5D000A06DF4F766FFA389190702D52369002B34
:10B5E00035D12146284600F035F980B34FF0FF35BC
:10B5F000636EDA0705D4A3899B0502D4A06DF4F726
:10B6000051FF284670BD002B04DAA269934217DB74
:10B610000A2915D023685A1C22601970A36816F8ED
:10B62000011F013BA3600029EDD1002B11DA224656
:10B630000A21284600F0D0F80130D7D00A25D7E7F4
:10B640002246284600F0C8F80130E7D1CEE7013E97
:10B65000E4E723685A1C22600A221A70EEE7000011
:10B66000024B01461868FFF7A5BF00BF0C0000247D
:10B670002DE9F7431D46574B1F6804460E4690467A
:10B6800027B13B6A13B93846F4F71EFEB8F1020F32
:10B6900006D0B8F1010F00F29A80002DC0F2978019
:10B6A000636ED90705D4A3899A0502D4A06DF4F777
:10B6B000F8FE21463846F5F771F8616B41B104F1A7
:10B6C0004403994202D03846F4F7EEFE0023636348
:10B6D0000023A3616360A3891B0603D52169384653
:10B6E000F4F7E2FEA38923F44A6323F00303B8F1DD
:10B6F000020FA38161D001AB6A462146384600F0B3
:10B70000E9FBA3891843A0812DBB009D284600F0CA
:10B7100009F90646002852D1DDF80090A94540D12C
:10B720004FF0FF35B4F90C3043F00202A281002241
:10B73000A26004F147022260226101226261626E0E
:10B74000D60704D4980502D4A06DF4F7ABFE2846C2
:10B7500003B0BDE8F083002ED8D03B6A13B9384659
:10B76000F4F7B2FDB8F1010F08BFA389266004BF4A
:10B7700043F00103A381B4F90C3013F00802C4E9CB
:10B7800004651ED0D90741BF00226D42A260A561A9
:10B7900058BFA560626ED20701D49B0513D5002562
:10B7A000D5E7484600F0BEF806460028B8D0A38981
:10B7B00043F08003A3814D46CFE70025B2E7A946B9
:10B7C000F5E7A260E6E7A06DF4F76CFEE7E74FF05F
:10B7D000FF35BCE70C000024F8B50E4614460546BC
:10B7E00018B1036A0BB9F4F76FFDA369A360A389CD
:10B7F0001A0701D5236943B92146284600F02AF8E3
:10B8000018B14FF0FF373846F8BD23682269981AFF
:10B810006369F6B28342374605DC21462846F4F7D1
:10B82000BDFF0028EDD1A368013BA36023685A1C2B
:10B8300022601E706269431C9A4204D0A389DB0710
:10B84000E1D50A2EDFD121462846F4F7A7FF0028CC
:10B85000D9D0D6E738B5284B054618680C4618B13C
:10B86000036A0BB9F4F730FDB4F90C301A0721D490
:10B87000D80607D409222A6043F04003A3814FF081
:10B88000FF3030E0590712D5616B41B104F1440338
:10B89000994202D02846F4F707FE00236363002292
:10B8A000B4F90C3062602269226023F0240343F073
:10B8B0000803A38122693AB99A0501D5180603D570
:10B8C0002146284600F02AFBB4F90C3013F001029F
:10B8D0000AD00022A26062695242A261226942B982
:10B8E00013F08000C8D138BD990758BF6269A260C3
:10B8F000F4E70020F7E700BF0C000024014B1868B4
:10B90000704700BF0C0000240A44914200F1FF334D
:10B9100000D1704710B511F8014B03F8014F914267
:10B92000F9D110BD024B01461868F4F729BE00BFDB
:10B930000C0000249368013B002B10B4936008DADC
:10B940009469A34201DB0A2903D15DF8044BFFF798
:10B9500043BF1368581C1060197008465DF8044B0B
:10B960007047F8B506460F461446D518AC4201D1CB
:10B97000002007E014F8011B3A463046FFF7DAFFD3
:10B98000431CF3D1F8BD00002DE9F04F0D469DB0EA
:10B9900014469846064618B1036A0BB9F4F794FCAE
:10B9A0006B6ED90705D4AB899A0502D4A86DF4F75C
:10B9B00078FDAB891B0701D52B699BB92946304619
:10B9C000FFF748FF70B16B6EDC0704D54FF0FF3016
:10B9D0001DB0BDE8F08FAB899805F7D4A86DF4F7DA
:10B9E00061FDF3E70023099320238DF82930CDF87A
:10B9F0000C803023DFF8AC818DF82A304FF001093C
:10BA000023469A4613F8012B0AB1252AF9D1BAEB3D
:10BA1000040B0BD05B46224629463046FFF7A1FFB8
:10BA2000013000F0A780099A5A4409929AF8003030
:10BA3000002B00F09F8000234FF0FF32CDE905235B
:10BA40000AF1010A049307938DF853301A93544670
:10BA5000052214F8011B5348F4F712FB049AD8B9D5
:10BA6000D10644BF20238DF85330130744BF2B2346
:10BA70008DF853309AF800302A2B15D0079A544687
:10BA800000204FF00A0C214611F8013B303B092BF6
:10BA90004BD9B0B1079214E0A0EB080309FA03F305
:10BAA00013430493A246D2E7039B191D1B6803911D
:10BAB000002BBBBF5B4242F0020207930793B8BF63
:10BAC000049223782E2B0AD163782A2B32D1039B40
:10BAD0001A1D1B68039243EAE37302340593DFF8EF
:10BAE000D4A0217803225046F4F7CAFA38B1049B57
:10BAF000A0EB0A004022824013430134049314F85F
:10BB0000011B29488DF828100622F4F7B9FA0028FD
:10BB10003FD0264B1BBB039B073323F0070308339F
:10BB20000393099B3B4409936AE70CFB02320C46E2
:10BB30000120A8E700230134059319464FF00A0CB1
:10BB4000204610F8012B303A092A03D9002BC6D021
:10BB50000591C4E70CFB012104460123F0E703AB88
:10BB600000932A46124B04A93046AFF300800746E3
:10BB7000781CD6D16B6ED90705D4AB899A0502D44F
:10BB8000A86DF4F78FFCAB895B063FF51FAF0998F2
:10BB90001EE703AB00932A46054B04A9304600F08C
:10BBA00079F8E4E7E4C00008EEC0000800000000F7
:10BBB00063B90008EAC000082DE9F0471646984628
:10BBC0008A680B69DDF820909342B8BF1346336052
:10BBD00091F8432007460C460AB1013333602368CD
:10BBE000990642BF336802333360256815F00605B5
:10BBF00006D104F1190AE36832689B1AAB4226DCCD
:10BC000094F843302268003B18BF012392062BD4DE
:10BC100004F1430241463846C84701301ED023682C
:10BC2000226903F00603042B02BFE5683368ED1AAE
:10BC3000A3680CBF25EAE57500259342C4BF9B1A93
:10BC4000ED1800261A34B5421AD1002008E001236D
:10BC5000524641463846C847013003D14FF0FF30C5
:10BC6000BDE8F0870135C6E7E1185A1C302081F89D
:10BC70004300224494F8451082F843100233C7E78A
:10BC80000123224641463846C8470130E6D00136F6
:10BC9000D9E700002DE9FF470F7E0C9E782F9146D3
:10BCA00080460C469A4601F1430207D8622F0AD813
:10BCB000002F00F0D280582F00F0B78004F1420628
:10BCC00084F842703AE0A7F16303152BF6D801A17E
:10BCD00051F823F02DBD000841BD0008BDBC00088F
:10BCE000BDBC0008BDBC0008BDBC000841BD0008CB
:10BCF000BDBC0008BDBC0008BDBC0008BDBC000840
:10BD000041BE00086BBD0008F7BD0008BDBC0008BF
:10BD1000BDBC000863BE0008BDBC00086BBD0008C8
:10BD2000BDBC0008BDBC0008FFBD000833681A1D7B
:10BD30001B68326004F1420684F8423001239DE022
:10BD400033682068191D3160060601D51D6803E0BF
:10BD50004506FBD5B3F90050002D03DA2D236D42C3
:10BD600084F8433059480A2310E0216833680806F4
:10BD700053F8045B02D4490648BFADB26F2F534855
:10BD8000336059D10823002184F843106668A66007
:10BD9000002E05DB21682E4321F0040121604DD0E7
:10BDA0001646B5FBF3F103FB1157C75D06F8017D9D
:10BDB0002F46BB420D46F4D9082B0BD12368DF0771
:10BDC00008D5236961689942DEBF302306F8013C3B
:10BDD00006F1FF36921B2261CDF800A04B4603AA64
:10BDE00021464046FFF7E8FE01304CD14FF0FF30CE
:10BDF00004B0BDE8F087236843F020032360344893
:10BE0000782784F84570236831681F0651F8045B71
:10BE100002D45F0648BFADB23160D90744BF43F0DA
:10BE2000200323601DB11023ADE72848E9E723680C
:10BE300023F020032360F6E70A23A4E71646BBE7B6
:10BE4000336825686169181D30602E061B6801D5AE
:10BE5000196002E06806FBD51980002323611646AD
:10BE6000BAE733681A1D32601E68626800213046E6
:10BE7000F4F706F908B1801B606063682361002352
:10BE800084F84330A8E72369324649464046D04704
:10BE90000130ABD023689B0713D4E068039B984222
:10BEA000B8BF1846A4E70123324649464046D0476A
:10BEB00001309BD00135E36803995B1AAB42F2DC99
:10BEC000EBE7002504F11906F5E700BFF5C000080F
:10BED00006C1000870B50C46B1F90E10002996B0E5
:10BEE00015461E460ADAA18911F0800113D14FF4DC
:10BEF0008062002031602A6016B070BD6A4600F092
:10BF000047F80028EFDB019901F47041A1F50053D7
:10BF100059425941EBE700214022EAE78B8973B58A
:10BF20009E0705460C4607D504F1470323602361AD
:10BF30000123636102B070BD01AB6A46FFF7CAFF1F
:10BF4000009E28463146F4F71BFBB4F90C3038B993
:10BF50009A05EFD423F0030343F00203A381E3E740
:10BF600043F08003A381019B2060C4E90406002BF9
:10BF7000E0D0B4F90E10284600F01CF80028D9D003
:10BF8000A38923F0030343F00103A381D2E7000058
:10BF900038B5074D00230446084611462B60F5F7D7
:10BFA0009FF8431C02D12B6803B1236038BD00BF4A
:10BFB000C801002438B5064D0023044608462B600E
:10BFC000F4F7FCFF431C02D12B6803B1236038BD9A
:10BFD000C8010024044A05491368002B08BF0B461A
:10BFE00018441060184670472893002430930024AA
:10BFF000F8B500BFF8BC08BC9E467047F8B500BF56
:08C00000F8BC08BC9E46704725
:10C00800496E6974000000004C4544004932430001
:10C018005350490053797374656D20496E6974698A
:10C02800616C697A6564210D0000000052544F5319
:10C03800204461656D6F6E205461736B2053746189
:10C0480072746564210D00005350493A2054583DDC
:10C058003078253032582C2052583D3078253032EF
:10C06800580A00007370693A203078253032580A2F
:10C0780000000000493243207772697465206572B8
:10C08800726F720049324320777269746520737544
:10C09800636365737300000049444C450000000069
:10C0A800546D722053766300546D72510000000085
:10C0B800010002000400060008000A000C0010003D
:10C0C800200040008000000100000000010203047D
:10C0D800010203040607080937000000232D302B4E
:10C0E8002000686C4C006566674546470030313271
:10C0F80033343536373839414243444546003031C8
:10C108003233343536373839616263646566000026
:08C11800683FFF7F01000000F9
:04C120008901000889
:04C1240061010008AD
:10C1280000000000030000008C0000241000002420
:10C13800000000008C000024F40000245C010024AE
:10C1480000000000000000000000000000000000E7
:10C1580000000000000000000000000000000000D7
:10C1680000000000000000000000000000000000C7
:10C1780000000000000000000000000010000000A7
:10C18800010000000090D0030090D003AAAAAAAA38
:04000005080008BD2A
:00000001FF
